Rede,Escola,Serie,Turma,Status,AnoLetivo,Turno,Aluno,Matricula,E-mail do Educacional do aluno,CPF,Responsavel
Motivo,Boa Viagem,Infantil 4 Regular,A,Matriculado,2026,Manhã,Aluno Audit 1,10001,aluno1@motivo.com.br,12345678901,Resp 1
Motivo,Boa Viagem,Infantil 4 Regular,A,Matriculado,2026,Manhã,Aluno Audit 2,10002,aluno2@motivo.com.br,12345678901,Resp 2
Motivo,Boa Viagem,Infantil 4 Regular,A,Matriculado,2026,Manhã,Aluno Audit 3,10003,aluno3@motivo.com.br,12345678901,Resp 3
Motivo,Boa Viagem,Infantil 4 Regular,A,Matriculado,2026,Manhã,Aluno Audit 4,10004,aluno4@motivo.com.br,12345678901,Resp 4
Motivo,Boa Viagem,Infantil 4 Regular,A,Matriculado,2026,Manhã,Aluno Audit 5,10005,aluno5@motivo.com.br,12345678901,Resp 5
Motivo,Boa Viagem,Infantil 4 Regular,A,Matriculado,2026,Manhã,Aluno Audit 6,10006,aluno6@motivo.com.br,12345678901,Resp 6
Motivo,Boa Viagem,Infantil 4 Regular,A,Matriculado,2026,Manhã,Aluno Audit 7,10007,aluno7@motivo.com.br,12345678901,Resp 7
Motivo,Boa Viagem,Infantil 4 Regular,A,Matriculado,2026,Manhã,Aluno Audit 8,10008,aluno8@motivo.com.br,12345678901,Resp 8
Motivo,Boa Viagem,Infantil 4 Regular,A,Matriculado,2026,Manhã,Aluno Audit 9,10009,aluno9@motivo.com.br,12345678901,Resp 9
Motivo,Boa Viagem,Infantil 4 Regular,A,Matriculado,2026,Manhã,Aluno Audit 10,10010,aluno10@motivo.com.br,12345678901,Resp 10
Motivo,Boa Viagem,Infantil 4 Regular,A,Matriculado,2026,Manhã,Aluno Audit 11,10011,aluno11@motivo.com.br,12345678901,Resp 11
Motivo,Boa Viagem,Infantil 4 Regular,A,Matriculado,2026,Manhã,Aluno Audit 12,10012,aluno12@motivo.com.br,12345678901,Resp 12
Motivo,Boa Viagem,Infantil 4 Regular,A,Matriculado,2026,Manhã,Aluno Audit 13,10013,aluno13@motivo.com.br,12345678901,Resp 13
Motivo,Boa Viagem,Infantil 4 Regular,A,Matriculado,2026,Manhã,Aluno Audit 14,10014,aluno14@motivo.com.br,12345678901,Resp 14
Motivo,Boa Viagem,Infantil 4 Regular,A,Matriculado,2026,Manhã,Aluno Audit 15,10015,aluno15@motivo.com.br,12345678901,Resp 15
Motivo,Boa Viagem,Infantil 4 Regular,A,Matriculado,2026,Manhã,Aluno Audit 16,10016,aluno16@motivo.com.br,12345678901,Resp 16
Motivo,Boa Viagem,Infantil 4 Regular,A,Matriculado,2026,Manhã,Aluno Audit 17,10017,aluno17@motivo.com.br,12345678901,Resp 17
Motivo,Boa Viagem,Infantil 4 Regular,A,Matriculado,2026,Manhã,Aluno Audit 18,10018,aluno18@motivo.com.br,12345678901,Resp 18
Motivo,Boa Viagem,Infantil 4 Regular,A,Matriculado,2026,Manhã,Aluno Audit 19,10019,aluno19@motivo.com.br,12345678901,Resp 19
Motivo,Boa Viagem,Infantil 4 Regular,A,Matriculado,2026,Manhã,Aluno Audit 20,10020,aluno20@motivo.com.br,12345678901,Resp 20
Motivo,Boa Viagem,Infantil 4 Regular,A,Matriculado,2026,Manhã,Aluno Audit 21,10021,aluno21@motivo.com.br,12345678901,Resp 21
Motivo,Boa Viagem,Infantil 4 Regular,A,Matriculado,2026,Manhã,Aluno Audit 22,10022,aluno22@motivo.com.br,12345678901,Resp 22
Motivo,Boa Viagem,Infantil 4 Regular,A,Matriculado,2026,Manhã,Aluno Audit 23,10023,aluno23@motivo.com.br,12345678901,Resp 23
Motivo,Boa Viagem,Infantil 4 Regular,A,Matriculado,2026,Manhã,Aluno Audit 24,10024,aluno24@motivo.com.br,12345678901,Resp 24
Motivo,Boa Viagem,Infantil 4 Regular,A,Matriculado,2026,Manhã,Aluno Audit 25,10025,aluno25@motivo.com.br,12345678901,Resp 25
Motivo,Boa Viagem,Infantil 4 Regular,A,Matriculado,2026,Manhã,Aluno Audit 26,10026,aluno26@motivo.com.br,12345678901,Resp 26
Motivo,Boa Viagem,Infantil 4 Regular,A,Matriculado,2026,Manhã,Aluno Audit 27,10027,aluno27@motivo.com.br,12345678901,Resp 27
Motivo,Boa Viagem,Infantil 4 Regular,A,Matriculado,2026,Manhã,Aluno Audit 28,10028,aluno28@motivo.com.br,12345678901,Resp 28
Motivo,Boa Viagem,Infantil 4 Regular,A,Matriculado,2026,Manhã,Aluno Audit 29,10029,aluno29@motivo.com.br,12345678901,Resp 29
Motivo,Boa Viagem,Infantil 4 Regular,A,Matriculado,2026,Manhã,Aluno Audit 30,10030,aluno30@motivo.com.br,12345678901,Resp 30
Motivo,Boa Viagem,Infantil 4 Regular,A,Matriculado,2026,Manhã,Aluno Audit 31,10031,aluno31@motivo.com.br,12345678901,Resp 31
Motivo,Boa Viagem,Infantil 4 Regular,A,Matriculado,2026,Manhã,Aluno Audit 32,10032,aluno32@motivo.com.br,12345678901,Resp 32
Motivo,Boa Viagem,Infantil 4 Regular,A,Matriculado,2026,Manhã,Aluno Audit 33,10033,aluno33@motivo.com.br,12345678901,Resp 33
Motivo,Boa Viagem,Infantil 4 Regular,A,Matriculado,2026,Manhã,Aluno Audit 34,10034,aluno34@motivo.com.br,12345678901,Resp 34
Motivo,Boa Viagem,Infantil 4 Regular,A,Matriculado,2026,Manhã,Aluno Audit 35,10035,aluno35@motivo.com.br,12345678901,Resp 35
Motivo,Boa Viagem,Infantil 4 Regular,A,Matriculado,2026,Manhã,Aluno Audit 36,10036,aluno36@motivo.com.br,12345678901,Resp 36
Motivo,Boa Viagem,Infantil 4 Regular,A,Matriculado,2026,Manhã,Aluno Audit 37,10037,aluno37@motivo.com.br,12345678901,Resp 37
Motivo,Boa Viagem,Infantil 4 Regular,A,Matriculado,2026,Manhã,Aluno Audit 38,10038,aluno38@motivo.com.br,12345678901,Resp 38
Motivo,Boa Viagem,Infantil 4 Regular,A,Matriculado,2026,Manhã,Aluno Audit 39,10039,aluno39@motivo.com.br,12345678901,Resp 39
Motivo,Boa Viagem,Infantil 4 Regular,A,Matriculado,2026,Manhã,Aluno Audit 40,10040,aluno40@motivo.com.br,12345678901,Resp 40
Motivo,Boa Viagem,Infantil 4 Regular,A,Matriculado,2026,Manhã,Aluno Audit 41,10041,aluno41@motivo.com.br,12345678901,Resp 41
Motivo,Boa Viagem,Infantil 4 Regular,A,Matriculado,2026,Manhã,Aluno Audit 42,10042,aluno42@motivo.com.br,12345678901,Resp 42
Motivo,Boa Viagem,Infantil 4 Regular,A,Matriculado,2026,Manhã,Aluno Audit 43,10043,aluno43@motivo.com.br,12345678901,Resp 43
Motivo,Boa Viagem,Infantil 4 Regular,A,Matriculado,2026,Manhã,Aluno Audit 44,10044,aluno44@motivo.com.br,12345678901,Resp 44
Motivo,Boa Viagem,Infantil 4 Regular,A,Matriculado,2026,Manhã,Aluno Audit 45,10045,aluno45@motivo.com.br,12345678901,Resp 45
Motivo,Boa Viagem,Infantil 4 Regular,A,Matriculado,2026,Manhã,Aluno Audit 46,10046,aluno46@motivo.com.br,12345678901,Resp 46
Motivo,Boa Viagem,Infantil 4 Regular,A,Matriculado,2026,Manhã,Aluno Audit 47,10047,aluno47@motivo.com.br,12345678901,Resp 47
Motivo,Boa Viagem,Infantil 4 Regular,A,Matriculado,2026,Manhã,Aluno Audit 48,10048,aluno48@motivo.com.br,12345678901,Resp 48
Motivo,Boa Viagem,Infantil 4 Regular,A,Matriculado,2026,Manhã,Aluno Audit 49,10049,aluno49@motivo.com.br,12345678901,Resp 49
Motivo,Boa Viagem,Infantil 4 Regular,A,Matriculado,2026,Manhã,Aluno Audit 50,10050,aluno50@motivo.com.br,12345678901,Resp 50
Motivo,Boa Viagem,Infantil 4 Regular,A,Matriculado,2026,Manhã,Aluno Audit 51,10051,aluno51@motivo.com.br,12345678901,Resp 51
Motivo,Boa Viagem,Infantil 4 Regular,A,Matriculado,2026,Manhã,Aluno Audit 52,10052,aluno52@motivo.com.br,12345678901,Resp 52
Motivo,Boa Viagem,Infantil 4 Regular,A,Matriculado,2026,Manhã,Aluno Audit 53,10053,aluno53@motivo.com.br,12345678901,Resp 53
Motivo,Boa Viagem,Infantil 4 Regular,A,Matriculado,2026,Manhã,Aluno Audit 54,10054,aluno54@motivo.com.br,12345678901,Resp 54
Motivo,Boa Viagem,Infantil 4 Regular,A,Matriculado,2026,Manhã,Aluno Audit 55,10055,aluno55@motivo.com.br,12345678901,Resp 55
Motivo,Boa Viagem,Infantil 4 Regular,A,Matriculado,2026,Manhã,Aluno Audit 56,10056,aluno56@motivo.com.br,12345678901,Resp 56
Motivo,Boa Viagem,Infantil 4 Regular,A,Matriculado,2026,Manhã,Aluno Audit 57,10057,aluno57@motivo.com.br,12345678901,Resp 57
Motivo,Boa Viagem,Infantil 4 Regular,A,Matriculado,2026,Manhã,Aluno Audit 58,10058,aluno58@motivo.com.br,12345678901,Resp 58
Motivo,Boa Viagem,Infantil 4 Regular,A,Matriculado,2026,Manhã,Aluno Audit 59,10059,aluno59@motivo.com.br,12345678901,Resp 59
Motivo,Boa Viagem,Infantil 4 Regular,A,Matriculado,2026,Manhã,Aluno Audit 60,10060,aluno60@motivo.com.br,12345678901,Resp 60
Motivo,Boa Viagem,Infantil 4 Regular,A,Matriculado,2026,Manhã,Aluno Audit 61,10061,aluno61@motivo.com.br,12345678901,Resp 61
Motivo,Boa Viagem,Infantil 4 Regular,A,Matriculado,2026,Manhã,Aluno Audit 62,10062,aluno62@motivo.com.br,12345678901,Resp 62
Motivo,Boa Viagem,Infantil 4 Regular,A,Matriculado,2026,Manhã,Aluno Audit 63,10063,aluno63@motivo.com.br,12345678901,Resp 63
Motivo,Boa Viagem,Infantil 4 Regular,A,Matriculado,2026,Manhã,Aluno Audit 64,10064,aluno64@motivo.com.br,12345678901,Resp 64
Motivo,Boa Viagem,Infantil 4 Regular,A,Matriculado,2026,Manhã,Aluno Audit 65,10065,aluno65@motivo.com.br,12345678901,Resp 65
Motivo,Boa Viagem,Infantil 4 Regular,A,Matriculado,2026,Manhã,Aluno Audit 66,10066,aluno66@motivo.com.br,12345678901,Resp 66
Motivo,Boa Viagem,Infantil 4 Regular,A,Matriculado,2026,Manhã,Aluno Audit 67,10067,aluno67@motivo.com.br,12345678901,Resp 67
Motivo,Boa Viagem,Infantil 4 Regular,A,Matriculado,2026,Manhã,Aluno Audit 68,10068,aluno68@motivo.com.br,12345678901,Resp 68
Motivo,Boa Viagem,Infantil 4 Regular,A,Matriculado,2026,Manhã,Aluno Audit 69,10069,aluno69@motivo.com.br,12345678901,Resp 69
Motivo,Boa Viagem,Infantil 4 Regular,A,Matriculado,2026,Manhã,Aluno Audit 70,10070,aluno70@motivo.com.br,12345678901,Resp 70
Motivo,Boa Viagem,Infantil 4 Regular,A,Matriculado,2026,Manhã,Aluno Audit 71,10071,aluno71@motivo.com.br,12345678901,Resp 71
Motivo,Boa Viagem,Infantil 4 Regular,A,Matriculado,2026,Manhã,Aluno Audit 72,10072,aluno72@motivo.com.br,12345678901,Resp 72
Motivo,Boa Viagem,Infantil 4 Regular,A,Matriculado,2026,Manhã,Aluno Audit 73,10073,aluno73@motivo.com.br,12345678901,Resp 73
Motivo,Boa Viagem,Infantil 4 Regular,A,Matriculado,2026,Manhã,Aluno Audit 74,10074,aluno74@motivo.com.br,12345678901,Resp 74
Motivo,Boa Viagem,Infantil 4 Regular,A,Matriculado,2026,Manhã,Aluno Audit 75,10075,aluno75@motivo.com.br,12345678901,Resp 75
Motivo,Boa Viagem,Infantil 4 Regular,A,Matriculado,2026,Manhã,Aluno Audit 76,10076,aluno76@motivo.com.br,12345678901,Resp 76
Motivo,Boa Viagem,Infantil 4 Regular,A,Matriculado,2026,Manhã,Aluno Audit 77,10077,aluno77@motivo.com.br,12345678901,Resp 77
Motivo,Boa Viagem,Infantil 4 Regular,A,Matriculado,2026,Manhã,Aluno Audit 78,10078,aluno78@motivo.com.br,12345678901,Resp 78
Motivo,Boa Viagem,Infantil 4 Regular,A,Matriculado,2026,Manhã,Aluno Audit 79,10079,aluno79@motivo.com.br,12345678901,Resp 79
Motivo,Boa Viagem,Infantil 4 Regular,A,Matriculado,2026,Manhã,Aluno Audit 80,10080,aluno80@motivo.com.br,12345678901,Resp 80
Motivo,Boa Viagem,Infantil 4 Regular,A,Matriculado,2026,Manhã,Aluno Audit 81,10081,aluno81@motivo.com.br,12345678901,Resp 81
Motivo,Boa Viagem,Infantil 4 Regular,A,Matriculado,2026,Manhã,Aluno Audit 82,10082,aluno82@motivo.com.br,12345678901,Resp 82
Motivo,Boa Viagem,Infantil 4 Regular,A,Matriculado,2026,Manhã,Aluno Audit 83,10083,aluno83@motivo.com.br,12345678901,Resp 83
Motivo,Boa Viagem,Infantil 4 Regular,A,Matriculado,2026,Manhã,Aluno Audit 84,10084,aluno84@motivo.com.br,12345678901,Resp 84
Motivo,Boa Viagem,Infantil 4 Regular,A,Matriculado,2026,Manhã,Aluno Audit 85,10085,aluno85@motivo.com.br,12345678901,Resp 85
Motivo,Boa Viagem,Infantil 4 Regular,A,Matriculado,2026,Manhã,Aluno Audit 86,10086,aluno86@motivo.com.br,12345678901,Resp 86
Motivo,Boa Viagem,Infantil 4 Regular,A,Matriculado,2026,Manhã,Aluno Audit 87,10087,aluno87@motivo.com.br,12345678901,Resp 87
Motivo,Boa Viagem,Infantil 4 Regular,A,Matriculado,2026,Manhã,Aluno Audit 88,10088,aluno88@motivo.com.br,12345678901,Resp 88
Motivo,Boa Viagem,Infantil 4 Regular,A,Matriculado,2026,Manhã,Aluno Audit 89,10089,aluno89@motivo.com.br,12345678901,Resp 89
Motivo,Boa Viagem,Infantil 4 Regular,A,Matriculado,2026,Manhã,Aluno Audit 90,10090,aluno90@motivo.com.br,12345678901,Resp 90
Motivo,Boa Viagem,Infantil 4 Regular,A,Matriculado,2026,Manhã,Aluno Audit 91,10091,aluno91@motivo.com.br,12345678901,Resp 91
Motivo,Boa Viagem,Infantil 4 Regular,A,Matriculado,2026,Manhã,Aluno Audit 92,10092,aluno92@motivo.com.br,12345678901,Resp 92
Motivo,Boa Viagem,Infantil 4 Regular,A,Matriculado,2026,Manhã,Aluno Audit 93,10093,aluno93@motivo.com.br,12345678901,Resp 93
Motivo,Boa Viagem,Infantil 4 Regular,A,Matriculado,2026,Manhã,Aluno Audit 94,10094,aluno94@motivo.com.br,12345678901,Resp 94
Motivo,Boa Viagem,Infantil 4 Regular,A,Matriculado,2026,Manhã,Aluno Audit 95,10095,aluno95@motivo.com.br,12345678901,Resp 95
Motivo,Boa Viagem,Infantil 4 Regular,A,Matriculado,2026,Manhã,Aluno Audit 96,10096,aluno96@motivo.com.br,12345678901,Resp 96
Motivo,Boa Viagem,Infantil 4 Regular,A,Matriculado,2026,Manhã,Aluno Audit 97,10097,aluno97@motivo.com.br,12345678901,Resp 97
Motivo,Boa Viagem,Infantil 4 Regular,A,Matriculado,2026,Manhã,Aluno Audit 98,10098,aluno98@motivo.com.br,12345678901,Resp 98
Motivo,Boa Viagem,Infantil 4 Regular,A,Matriculado,2026,Manhã,Aluno Audit 99,10099,aluno99@motivo.com.br,12345678901,Resp 99
Motivo,Boa Viagem,Infantil 4 Regular,A,Matriculado,2026,Manhã,Aluno Audit 100,10100,aluno100@motivo.com.br,12345678901,Resp 100
Motivo,Boa Viagem,Infantil 4 Regular,A,Matriculado,2026,Manhã,Aluno Audit 101,10101,aluno101@motivo.com.br,12345678901,Resp 101
Motivo,Boa Viagem,Infantil 4 Regular,A,Matriculado,2026,Manhã,Aluno Audit 102,10102,aluno102@motivo.com.br,12345678901,Resp 102
Motivo,Boa Viagem,Infantil 4 Regular,A,Matriculado,2026,Manhã,Aluno Audit 103,10103,aluno103@motivo.com.br,12345678901,Resp 103
Motivo,Boa Viagem,Infantil 4 Regular,A,Matriculado,2026,Manhã,Aluno Audit 104,10104,aluno104@motivo.com.br,12345678901,Resp 104
Motivo,Boa Viagem,Infantil 4 Regular,A,Matriculado,2026,Manhã,Aluno Audit 105,10105,aluno105@motivo.com.br,12345678901,Resp 105
Motivo,Boa Viagem,Infantil 4 Regular,A,Matriculado,2026,Manhã,Aluno Audit 106,10106,aluno106@motivo.com.br,12345678901,Resp 106
Motivo,Boa Viagem,Infantil 4 Regular,A,Matriculado,2026,Manhã,Aluno Audit 107,10107,aluno107@motivo.com.br,12345678901,Resp 107
Motivo,Boa Viagem,Infantil 4 Regular,A,Matriculado,2026,Manhã,Aluno Audit 108,10108,aluno108@motivo.com.br,12345678901,Resp 108
Motivo,Boa Viagem,Infantil 4 Regular,A,Matriculado,2026,Manhã,Aluno Audit 109,10109,aluno109@motivo.com.br,12345678901,Resp 109
Motivo,Boa Viagem,Infantil 4 Regular,A,Matriculado,2026,Manhã,Aluno Audit 110,10110,aluno110@motivo.com.br,12345678901,Resp 110
Motivo,Boa Viagem,Infantil 4 Regular,A,Matriculado,2026,Manhã,Aluno Audit 111,10111,aluno111@motivo.com.br,12345678901,Resp 111
Motivo,Boa Viagem,Infantil 4 Regular,A,Matriculado,2026,Manhã,Aluno Audit 112,10112,aluno112@motivo.com.br,12345678901,Resp 112
Motivo,Boa Viagem,Infantil 4 Regular,A,Matriculado,2026,Manhã,Aluno Audit 113,10113,aluno113@motivo.com.br,12345678901,Resp 113
Motivo,Boa Viagem,Infantil 4 Regular,A,Matriculado,2026,Manhã,Aluno Audit 114,10114,aluno114@motivo.com.br,12345678901,Resp 114
Motivo,Boa Viagem,Infantil 4 Regular,A,Matriculado,2026,Manhã,Aluno Audit 115,10115,aluno115@motivo.com.br,12345678901,Resp 115
Motivo,Boa Viagem,Infantil 4 Regular,A,Matriculado,2026,Manhã,Aluno Audit 116,10116,aluno116@motivo.com.br,12345678901,Resp 116
Motivo,Boa Viagem,Infantil 4 Regular,A,Matriculado,2026,Manhã,Aluno Audit 117,10117,aluno117@motivo.com.br,12345678901,Resp 117
Motivo,Boa Viagem,Infantil 4 Regular,A,Matriculado,2026,Manhã,Aluno Audit 118,10118,aluno118@motivo.com.br,12345678901,Resp 118
Motivo,Boa Viagem,Infantil 4 Regular,A,Matriculado,2026,Manhã,Aluno Audit 119,10119,aluno119@motivo.com.br,12345678901,Resp 119
Motivo,Boa Viagem,Infantil 4 Regular,A,Matriculado,2026,Manhã,Aluno Audit 120,10120,aluno120@motivo.com.br,12345678901,Resp 120
Motivo,Boa Viagem,Infantil 4 Regular,A,Matriculado,2026,Manhã,Aluno Audit 121,10121,aluno121@motivo.com.br,12345678901,Resp 121
Motivo,Boa Viagem,Infantil 4 Regular,A,Matriculado,2026,Manhã,Aluno Audit 122,10122,aluno122@motivo.com.br,12345678901,Resp 122
Motivo,Boa Viagem,Infantil 4 Regular,A,Matriculado,2026,Manhã,Aluno Audit 123,10123,aluno123@motivo.com.br,12345678901,Resp 123
Motivo,Boa Viagem,Infantil 4 Regular,A,Matriculado,2026,Manhã,Aluno Audit 124,10124,aluno124@motivo.com.br,12345678901,Resp 124
Motivo,Boa Viagem,Infantil 4 Regular,A,Matriculado,2026,Manhã,Aluno Audit 125,10125,aluno125@motivo.com.br,12345678901,Resp 125
Motivo,Boa Viagem,Infantil 4 Regular,A,Matriculado,2026,Manhã,Aluno Audit 126,10126,aluno126@motivo.com.br,12345678901,Resp 126
Motivo,Boa Viagem,Infantil 4 Regular,A,Matriculado,2026,Manhã,Aluno Audit 127,10127,aluno127@motivo.com.br,12345678901,Resp 127
Motivo,Boa Viagem,Infantil 4 Regular,A,Matriculado,2026,Manhã,Aluno Audit 128,10128,aluno128@motivo.com.br,12345678901,Resp 128
Motivo,Boa Viagem,Infantil 4 Regular,A,Matriculado,2026,Manhã,Aluno Audit 129,10129,aluno129@motivo.com.br,12345678901,Resp 129
Motivo,Boa Viagem,Infantil 4 Regular,A,Matriculado,2026,Manhã,Aluno Audit 130,10130,aluno130@motivo.com.br,12345678901,Resp 130
Motivo,Boa Viagem,Infantil 4 Regular,A,Matriculado,2026,Manhã,Aluno Audit 131,10131,aluno131@motivo.com.br,12345678901,Resp 131
Motivo,Boa Viagem,Infantil 4 Regular,A,Matriculado,2026,Manhã,Aluno Audit 132,10132,aluno132@motivo.com.br,12345678901,Resp 132
Motivo,Boa Viagem,Infantil 4 Regular,A,Matriculado,2026,Manhã,Aluno Audit 133,10133,aluno133@motivo.com.br,12345678901,Resp 133
Motivo,Boa Viagem,Infantil 4 Regular,A,Matriculado,2026,Manhã,Aluno Audit 134,10134,aluno134@motivo.com.br,12345678901,Resp 134
Motivo,Boa Viagem,Infantil 4 Regular,A,Matriculado,2026,Manhã,Aluno Audit 135,10135,aluno135@motivo.com.br,12345678901,Resp 135
Motivo,Boa Viagem,Infantil 4 Regular,A,Matriculado,2026,Manhã,Aluno Audit 136,10136,aluno136@motivo.com.br,12345678901,Resp 136
Motivo,Boa Viagem,Infantil 4 Regular,A,Matriculado,2026,Manhã,Aluno Audit 137,10137,aluno137@motivo.com.br,12345678901,Resp 137
Motivo,Boa Viagem,Infantil 4 Regular,A,Matriculado,2026,Manhã,Aluno Audit 138,10138,aluno138@motivo.com.br,12345678901,Resp 138
Motivo,Boa Viagem,Infantil 4 Regular,A,Matriculado,2026,Manhã,Aluno Audit 139,10139,aluno139@motivo.com.br,12345678901,Resp 139
Motivo,Boa Viagem,Infantil 4 Regular,A,Matriculado,2026,Manhã,Aluno Audit 140,10140,aluno140@motivo.com.br,12345678901,Resp 140
Motivo,Boa Viagem,Infantil 4 Regular,A,Matriculado,2026,Manhã,Aluno Audit 141,10141,aluno141@motivo.com.br,12345678901,Resp 141
Motivo,Boa Viagem,Infantil 4 Regular,A,Matriculado,2026,Manhã,Aluno Audit 142,10142,aluno142@motivo.com.br,12345678901,Resp 142
Motivo,Boa Viagem,Infantil 4 Regular,A,Matriculado,2026,Manhã,Aluno Audit 143,10143,aluno143@motivo.com.br,12345678901,Resp 143
Motivo,Boa Viagem,Infantil 4 Regular,A,Matriculado,2026,Manhã,Aluno Audit 144,10144,aluno144@motivo.com.br,12345678901,Resp 144
Motivo,Boa Viagem,Infantil 4 Regular,A,Matriculado,2026,Manhã,Aluno Audit 145,10145,aluno145@motivo.com.br,12345678901,Resp 145
Motivo,Boa Viagem,Infantil 4 Regular,A,Matriculado,2026,Manhã,Aluno Audit 146,10146,aluno146@motivo.com.br,12345678901,Resp 146
Motivo,Boa Viagem,Infantil 4 Regular,A,Matriculado,2026,Manhã,Aluno Audit 147,10147,aluno147@motivo.com.br,12345678901,Resp 147
Motivo,Boa Viagem,Infantil 4 Regular,A,Matriculado,2026,Manhã,Aluno Audit 148,10148,aluno148@motivo.com.br,12345678901,Resp 148
Motivo,Boa Viagem,Infantil 4 Regular,A,Matriculado,2026,Manhã,Aluno Audit 149,10149,aluno149@motivo.com.br,12345678901,Resp 149
Motivo,Boa Viagem,Infantil 4 Regular,A,Matriculado,2026,Manhã,Aluno Audit 150,10150,aluno150@motivo.com.br,12345678901,Resp 150
Motivo,Boa Viagem,Infantil 4 Regular,A,Matriculado,2026,Manhã,Aluno Audit 151,10151,aluno151@motivo.com.br,12345678901,Resp 151
Motivo,Boa Viagem,Infantil 4 Regular,A,Matriculado,2026,Manhã,Aluno Audit 152,10152,aluno152@motivo.com.br,12345678901,Resp 152
Motivo,Boa Viagem,Infantil 4 Regular,A,Matriculado,2026,Manhã,Aluno Audit 153,10153,aluno153@motivo.com.br,12345678901,Resp 153
Motivo,Boa Viagem,Infantil 4 Regular,A,Matriculado,2026,Manhã,Aluno Audit 154,10154,aluno154@motivo.com.br,12345678901,Resp 154
Motivo,Boa Viagem,Infantil 4 Regular,A,Matriculado,2026,Manhã,Aluno Audit 155,10155,aluno155@motivo.com.br,12345678901,Resp 155
Motivo,Boa Viagem,Infantil 4 Regular,A,Matriculado,2026,Manhã,Aluno Audit 156,10156,aluno156@motivo.com.br,12345678901,Resp 156
Motivo,Boa Viagem,Infantil 4 Regular,A,Matriculado,2026,Manhã,Aluno Audit 157,10157,aluno157@motivo.com.br,12345678901,Resp 157
Motivo,Boa Viagem,Infantil 4 Regular,A,Matriculado,2026,Manhã,Aluno Audit 158,10158,aluno158@motivo.com.br,12345678901,Resp 158
Motivo,Boa Viagem,Infantil 4 Regular,A,Matriculado,2026,Manhã,Aluno Audit 159,10159,aluno159@motivo.com.br,12345678901,Resp 159
Motivo,Boa Viagem,Infantil 4 Regular,A,Matriculado,2026,Manhã,Aluno Audit 160,10160,aluno160@motivo.com.br,12345678901,Resp 160
Motivo,Boa Viagem,Infantil 4 Regular,A,Matriculado,2026,Manhã,Aluno Audit 161,10161,aluno161@motivo.com.br,12345678901,Resp 161
Motivo,Boa Viagem,Infantil 4 Regular,A,Matriculado,2026,Manhã,Aluno Audit 162,10162,aluno162@motivo.com.br,12345678901,Resp 162
Motivo,Boa Viagem,Infantil 4 Regular,A,Matriculado,2026,Manhã,Aluno Audit 163,10163,aluno163@motivo.com.br,12345678901,Resp 163
Motivo,Boa Viagem,Infantil 4 Regular,A,Matriculado,2026,Manhã,Aluno Audit 164,10164,aluno164@motivo.com.br,12345678901,Resp 164
Motivo,Boa Viagem,Infantil 4 Regular,A,Matriculado,2026,Manhã,Aluno Audit 165,10165,aluno165@motivo.com.br,12345678901,Resp 165
Motivo,Boa Viagem,Infantil 4 Regular,A,Matriculado,2026,Manhã,Aluno Audit 166,10166,aluno166@motivo.com.br,12345678901,Resp 166
Motivo,Boa Viagem,Infantil 4 Regular,A,Matriculado,2026,Manhã,Aluno Audit 167,10167,aluno167@motivo.com.br,12345678901,Resp 167
Motivo,Boa Viagem,Infantil 4 Regular,A,Matriculado,2026,Manhã,Aluno Audit 168,10168,aluno168@motivo.com.br,12345678901,Resp 168
Motivo,Boa Viagem,Infantil 4 Regular,A,Matriculado,2026,Manhã,Aluno Audit 169,10169,aluno169@motivo.com.br,12345678901,Resp 169
Motivo,Boa Viagem,Infantil 4 Regular,A,Matriculado,2026,Manhã,Aluno Audit 170,10170,aluno170@motivo.com.br,12345678901,Resp 170
Motivo,Boa Viagem,Infantil 4 Regular,A,Matriculado,2026,Manhã,Aluno Audit 171,10171,aluno171@motivo.com.br,12345678901,Resp 171
Motivo,Boa Viagem,Infantil 4 Regular,A,Matriculado,2026,Manhã,Aluno Audit 172,10172,aluno172@motivo.com.br,12345678901,Resp 172
Motivo,Boa Viagem,Infantil 4 Regular,A,Matriculado,2026,Manhã,Aluno Audit 173,10173,aluno173@motivo.com.br,12345678901,Resp 173
Motivo,Boa Viagem,Infantil 4 Regular,A,Matriculado,2026,Manhã,Aluno Audit 174,10174,aluno174@motivo.com.br,12345678901,Resp 174
Motivo,Boa Viagem,Infantil 4 Regular,A,Matriculado,2026,Manhã,Aluno Audit 175,10175,aluno175@motivo.com.br,12345678901,Resp 175
Motivo,Boa Viagem,Infantil 4 Regular,A,Matriculado,2026,Manhã,Aluno Audit 176,10176,aluno176@motivo.com.br,12345678901,Resp 176
Motivo,Boa Viagem,Infantil 4 Regular,A,Matriculado,2026,Manhã,Aluno Audit 177,10177,aluno177@motivo.com.br,12345678901,Resp 177
Motivo,Boa Viagem,Infantil 4 Regular,A,Matriculado,2026,Manhã,Aluno Audit 178,10178,aluno178@motivo.com.br,12345678901,Resp 178
Motivo,Boa Viagem,Infantil 4 Regular,A,Matriculado,2026,Manhã,Aluno Audit 179,10179,aluno179@motivo.com.br,12345678901,Resp 179
Motivo,Boa Viagem,Infantil 4 Regular,A,Matriculado,2026,Manhã,Aluno Audit 180,10180,aluno180@motivo.com.br,12345678901,Resp 180
Motivo,Boa Viagem,Infantil 4 Regular,A,Matriculado,2026,Manhã,Aluno Audit 181,10181,aluno181@motivo.com.br,12345678901,Resp 181
Motivo,Boa Viagem,Infantil 4 Regular,A,Matriculado,2026,Manhã,Aluno Audit 182,10182,aluno182@motivo.com.br,12345678901,Resp 182
Motivo,Boa Viagem,Infantil 4 Regular,A,Matriculado,2026,Manhã,Aluno Audit 183,10183,aluno183@motivo.com.br,12345678901,Resp 183
Motivo,Boa Viagem,Infantil 4 Regular,A,Matriculado,2026,Manhã,Aluno Audit 184,10184,aluno184@motivo.com.br,12345678901,Resp 184
Motivo,Boa Viagem,Infantil 4 Regular,A,Matriculado,2026,Manhã,Aluno Audit 185,10185,aluno185@motivo.com.br,12345678901,Resp 185
Motivo,Boa Viagem,Infantil 4 Regular,A,Matriculado,2026,Manhã,Aluno Audit 186,10186,aluno186@motivo.com.br,12345678901,Resp 186
Motivo,Boa Viagem,Infantil 4 Regular,A,Matriculado,2026,Manhã,Aluno Audit 187,10187,aluno187@motivo.com.br,12345678901,Resp 187
Motivo,Boa Viagem,Infantil 4 Regular,A,Matriculado,2026,Manhã,Aluno Audit 188,10188,aluno188@motivo.com.br,12345678901,Resp 188
Motivo,Boa Viagem,Infantil 4 Regular,A,Matriculado,2026,Manhã,Aluno Audit 189,10189,aluno189@motivo.com.br,12345678901,Resp 189
Motivo,Boa Viagem,Infantil 4 Regular,A,Matriculado,2026,Manhã,Aluno Audit 190,10190,aluno190@motivo.com.br,12345678901,Resp 190
Motivo,Boa Viagem,Infantil 4 Regular,A,Matriculado,2026,Manhã,Aluno Audit 191,10191,aluno191@motivo.com.br,12345678901,Resp 191
Motivo,Boa Viagem,Infantil 4 Regular,A,Matriculado,2026,Manhã,Aluno Audit 192,10192,aluno192@motivo.com.br,12345678901,Resp 192
Motivo,Boa Viagem,Infantil 4 Regular,A,Matriculado,2026,Manhã,Aluno Audit 193,10193,aluno193@motivo.com.br,12345678901,Resp 193
Motivo,Boa Viagem,Infantil 4 Regular,A,Matriculado,2026,Manhã,Aluno Audit 194,10194,aluno194@motivo.com.br,12345678901,Resp 194
Motivo,Boa Viagem,Infantil 4 Regular,A,Matriculado,2026,Manhã,Aluno Audit 195,10195,aluno195@motivo.com.br,12345678901,Resp 195
Motivo,Boa Viagem,Infantil 4 Regular,A,Matriculado,2026,Manhã,Aluno Audit 196,10196,aluno196@motivo.com.br,12345678901,Resp 196
Motivo,Boa Viagem,Infantil 4 Regular,A,Matriculado,2026,Manhã,Aluno Audit 197,10197,aluno197@motivo.com.br,12345678901,Resp 197
Motivo,Boa Viagem,Infantil 4 Regular,A,Matriculado,2026,Manhã,Aluno Audit 198,10198,aluno198@motivo.com.br,12345678901,Resp 198
Motivo,Boa Viagem,Infantil 4 Regular,A,Matriculado,2026,Manhã,Aluno Audit 199,10199,aluno199@motivo.com.br,12345678901,Resp 199
Motivo,Boa Viagem,Infantil 4 Regular,A,Matriculado,2026,Manhã,Aluno Audit 200,10200,aluno200@motivo.com.br,12345678901,Resp 200
Motivo,Boa Viagem,Infantil 4 Regular,A,Matriculado,2026,Manhã,Aluno Audit 201,10201,aluno201@motivo.com.br,12345678901,Resp 201
Motivo,Boa Viagem,Infantil 4 Regular,A,Matriculado,2026,Manhã,Aluno Audit 202,10202,aluno202@motivo.com.br,12345678901,Resp 202
Motivo,Boa Viagem,Infantil 4 Regular,A,Matriculado,2026,Manhã,Aluno Audit 203,10203,aluno203@motivo.com.br,12345678901,Resp 203
Motivo,Boa Viagem,Infantil 4 Regular,A,Matriculado,2026,Manhã,Aluno Audit 204,10204,aluno204@motivo.com.br,12345678901,Resp 204
Motivo,Boa Viagem,Infantil 4 Regular,A,Matriculado,2026,Manhã,Aluno Audit 205,10205,aluno205@motivo.com.br,12345678901,Resp 205
Motivo,Boa Viagem,Infantil 4 Regular,A,Matriculado,2026,Manhã,Aluno Audit 206,10206,aluno206@motivo.com.br,12345678901,Resp 206
Motivo,Boa Viagem,Infantil 4 Regular,A,Matriculado,2026,Manhã,Aluno Audit 207,10207,aluno207@motivo.com.br,12345678901,Resp 207
Motivo,Boa Viagem,Infantil 4 Regular,A,Matriculado,2026,Manhã,Aluno Audit 208,10208,aluno208@motivo.com.br,12345678901,Resp 208
Motivo,Boa Viagem,Infantil 4 Regular,A,Matriculado,2026,Manhã,Aluno Audit 209,10209,aluno209@motivo.com.br,12345678901,Resp 209
Motivo,Boa Viagem,Infantil 4 Regular,A,Matriculado,2026,Manhã,Aluno Audit 210,10210,aluno210@motivo.com.br,12345678901,Resp 210
Motivo,Boa Viagem,Infantil 4 Regular,A,Matriculado,2026,Manhã,Aluno Audit 211,10211,aluno211@motivo.com.br,12345678901,Resp 211
Motivo,Boa Viagem,Infantil 4 Regular,A,Matriculado,2026,Manhã,Aluno Audit 212,10212,aluno212@motivo.com.br,12345678901,Resp 212
Motivo,Boa Viagem,Infantil 4 Regular,A,Matriculado,2026,Manhã,Aluno Audit 213,10213,aluno213@motivo.com.br,12345678901,Resp 213
Motivo,Boa Viagem,Infantil 4 Regular,A,Matriculado,2026,Manhã,Aluno Audit 214,10214,aluno214@motivo.com.br,12345678901,Resp 214
Motivo,Boa Viagem,Infantil 4 Regular,A,Matriculado,2026,Manhã,Aluno Audit 215,10215,aluno215@motivo.com.br,12345678901,Resp 215
Motivo,Boa Viagem,Infantil 4 Regular,A,Matriculado,2026,Manhã,Aluno Audit 216,10216,aluno216@motivo.com.br,12345678901,Resp 216
Motivo,Boa Viagem,Infantil 4 Regular,A,Matriculado,2026,Manhã,Aluno Audit 217,10217,aluno217@motivo.com.br,12345678901,Resp 217
Motivo,Boa Viagem,Infantil 4 Regular,A,Matriculado,2026,Manhã,Aluno Audit 218,10218,aluno218@motivo.com.br,12345678901,Resp 218
Motivo,Boa Viagem,Infantil 4 Regular,A,Matriculado,2026,Manhã,Aluno Audit 219,10219,aluno219@motivo.com.br,12345678901,Resp 219
Motivo,Boa Viagem,Infantil 4 Regular,A,Matriculado,2026,Manhã,Aluno Audit 220,10220,aluno220@motivo.com.br,12345678901,Resp 220
Motivo,Boa Viagem,Infantil 4 Regular,A,Matriculado,2026,Manhã,Aluno Audit 221,10221,aluno221@motivo.com.br,12345678901,Resp 221
Motivo,Boa Viagem,Infantil 4 Regular,A,Matriculado,2026,Manhã,Aluno Audit 222,10222,aluno222@motivo.com.br,12345678901,Resp 222
Motivo,Boa Viagem,Infantil 4 Regular,A,Matriculado,2026,Manhã,Aluno Audit 223,10223,aluno223@motivo.com.br,12345678901,Resp 223
Motivo,Boa Viagem,Infantil 4 Regular,A,Matriculado,2026,Manhã,Aluno Audit 224,10224,aluno224@motivo.com.br,12345678901,Resp 224
Motivo,Boa Viagem,Infantil 4 Regular,A,Matriculado,2026,Manhã,Aluno Audit 225,10225,aluno225@motivo.com.br,12345678901,Resp 225
Motivo,Boa Viagem,Infantil 4 Regular,A,Matriculado,2026,Manhã,Aluno Audit 226,10226,aluno226@motivo.com.br,12345678901,Resp 226
Motivo,Boa Viagem,Infantil 4 Regular,A,Matriculado,2026,Manhã,Aluno Audit 227,10227,aluno227@motivo.com.br,12345678901,Resp 227
Motivo,Boa Viagem,Infantil 4 Regular,A,Matriculado,2026,Manhã,Aluno Audit 228,10228,aluno228@motivo.com.br,12345678901,Resp 228
Motivo,Boa Viagem,Infantil 4 Regular,A,Matriculado,2026,Manhã,Aluno Audit 229,10229,aluno229@motivo.com.br,12345678901,Resp 229
Motivo,Boa Viagem,Infantil 4 Regular,A,Matriculado,2026,Manhã,Aluno Audit 230,10230,aluno230@motivo.com.br,12345678901,Resp 230
Motivo,Boa Viagem,Infantil 4 Regular,A,Matriculado,2026,Manhã,Aluno Audit 231,10231,aluno231@motivo.com.br,12345678901,Resp 231
Motivo,Boa Viagem,Infantil 4 Regular,A,Matriculado,2026,Manhã,Aluno Audit 232,10232,aluno232@motivo.com.br,12345678901,Resp 232
Motivo,Boa Viagem,Infantil 4 Regular,A,Matriculado,2026,Manhã,Aluno Audit 233,10233,aluno233@motivo.com.br,12345678901,Resp 233
Motivo,Boa Viagem,Infantil 4 Regular,A,Matriculado,2026,Manhã,Aluno Audit 234,10234,aluno234@motivo.com.br,12345678901,Resp 234
Motivo,Boa Viagem,Infantil 4 Regular,A,Matriculado,2026,Manhã,Aluno Audit 235,10235,aluno235@motivo.com.br,12345678901,Resp 235
Motivo,Boa Viagem,Infantil 4 Regular,A,Matriculado,2026,Manhã,Aluno Audit 236,10236,aluno236@motivo.com.br,12345678901,Resp 236
Motivo,Boa Viagem,Infantil 4 Regular,A,Matriculado,2026,Manhã,Aluno Audit 237,10237,aluno237@motivo.com.br,12345678901,Resp 237
Motivo,Boa Viagem,Infantil 4 Regular,A,Matriculado,2026,Manhã,Aluno Audit 238,10238,aluno238@motivo.com.br,12345678901,Resp 238
Motivo,Boa Viagem,Infantil 4 Regular,A,Matriculado,2026,Manhã,Aluno Audit 239,10239,aluno239@motivo.com.br,12345678901,Resp 239
Motivo,Boa Viagem,Infantil 4 Regular,A,Matriculado,2026,Manhã,Aluno Audit 240,10240,aluno240@motivo.com.br,12345678901,Resp 240
Motivo,Boa Viagem,Infantil 4 Regular,A,Matriculado,2026,Manhã,Aluno Audit 241,10241,aluno241@motivo.com.br,12345678901,Resp 241
Motivo,Boa Viagem,Infantil 4 Regular,A,Matriculado,2026,Manhã,Aluno Audit 242,10242,aluno242@motivo.com.br,12345678901,Resp 242
Motivo,Boa Viagem,Infantil 4 Regular,A,Matriculado,2026,Manhã,Aluno Audit 243,10243,aluno243@motivo.com.br,12345678901,Resp 243
Motivo,Boa Viagem,Infantil 4 Regular,A,Matriculado,2026,Manhã,Aluno Audit 244,10244,aluno244@motivo.com.br,12345678901,Resp 244
Motivo,Boa Viagem,Infantil 4 Regular,A,Matriculado,2026,Manhã,Aluno Audit 245,10245,aluno245@motivo.com.br,12345678901,Resp 245
Motivo,Boa Viagem,Infantil 4 Regular,A,Matriculado,2026,Manhã,Aluno Audit 246,10246,aluno246@motivo.com.br,12345678901,Resp 246
Motivo,Boa Viagem,Infantil 4 Regular,A,Matriculado,2026,Manhã,Aluno Audit 247,10247,aluno247@motivo.com.br,12345678901,Resp 247
Motivo,Boa Viagem,Infantil 4 Regular,A,Matriculado,2026,Manhã,Aluno Audit 248,10248,aluno248@motivo.com.br,12345678901,Resp 248
Motivo,Boa Viagem,Infantil 4 Regular,A,Matriculado,2026,Manhã,Aluno Audit 249,10249,aluno249@motivo.com.br,12345678901,Resp 249
Motivo,Boa Viagem,Infantil 4 Regular,A,Matriculado,2026,Manhã,Aluno Audit 250,10250,aluno250@motivo.com.br,12345678901,Resp 250
Motivo,Boa Viagem,Infantil 4 Regular,A,Matriculado,2026,Manhã,Aluno Audit 251,10251,aluno251@motivo.com.br,12345678901,Resp 251
Motivo,Boa Viagem,Infantil 4 Regular,A,Matriculado,2026,Manhã,Aluno Audit 252,10252,aluno252@motivo.com.br,12345678901,Resp 252
Motivo,Boa Viagem,Infantil 4 Regular,A,Matriculado,2026,Manhã,Aluno Audit 253,10253,aluno253@motivo.com.br,12345678901,Resp 253
Motivo,Boa Viagem,Infantil 4 Regular,A,Matriculado,2026,Manhã,Aluno Audit 254,10254,aluno254@motivo.com.br,12345678901,Resp 254
Motivo,Boa Viagem,Infantil 4 Regular,A,Matriculado,2026,Manhã,Aluno Audit 255,10255,aluno255@motivo.com.br,12345678901,Resp 255
Motivo,Boa Viagem,Infantil 4 Regular,A,Matriculado,2026,Manhã,Aluno Audit 256,10256,aluno256@motivo.com.br,12345678901,Resp 256
Motivo,Boa Viagem,Infantil 4 Regular,A,Matriculado,2026,Manhã,Aluno Audit 257,10257,aluno257@motivo.com.br,12345678901,Resp 257
Motivo,Boa Viagem,Infantil 4 Regular,A,Matriculado,2026,Manhã,Aluno Audit 258,10258,aluno258@motivo.com.br,12345678901,Resp 258
Motivo,Boa Viagem,Infantil 4 Regular,A,Matriculado,2026,Manhã,Aluno Audit 259,10259,aluno259@motivo.com.br,12345678901,Resp 259
Motivo,Boa Viagem,Infantil 4 Regular,A,Matriculado,2026,Manhã,Aluno Audit 260,10260,aluno260@motivo.com.br,12345678901,Resp 260
Motivo,Boa Viagem,Infantil 4 Regular,A,Matriculado,2026,Manhã,Aluno Audit 261,10261,aluno261@motivo.com.br,12345678901,Resp 261
Motivo,Boa Viagem,Infantil 4 Regular,A,Matriculado,2026,Manhã,Aluno Audit 262,10262,aluno262@motivo.com.br,12345678901,Resp 262
Motivo,Boa Viagem,Infantil 4 Regular,A,Matriculado,2026,Manhã,Aluno Audit 263,10263,aluno263@motivo.com.br,12345678901,Resp 263
Motivo,Boa Viagem,Infantil 4 Regular,A,Matriculado,2026,Manhã,Aluno Audit 264,10264,aluno264@motivo.com.br,12345678901,Resp 264
Motivo,Boa Viagem,Infantil 4 Regular,A,Matriculado,2026,Manhã,Aluno Audit 265,10265,aluno265@motivo.com.br,12345678901,Resp 265
Motivo,Boa Viagem,Infantil 4 Regular,A,Matriculado,2026,Manhã,Aluno Audit 266,10266,aluno266@motivo.com.br,12345678901,Resp 266
Motivo,Boa Viagem,Infantil 4 Regular,A,Matriculado,2026,Manhã,Aluno Audit 267,10267,aluno267@motivo.com.br,12345678901,Resp 267
Motivo,Boa Viagem,Infantil 4 Regular,A,Matriculado,2026,Manhã,Aluno Audit 268,10268,aluno268@motivo.com.br,12345678901,Resp 268
Motivo,Boa Viagem,Infantil 4 Regular,A,Matriculado,2026,Manhã,Aluno Audit 269,10269,aluno269@motivo.com.br,12345678901,Resp 269
Motivo,Boa Viagem,Infantil 4 Regular,A,Matriculado,2026,Manhã,Aluno Audit 270,10270,aluno270@motivo.com.br,12345678901,Resp 270
Motivo,Boa Viagem,Infantil 4 Regular,A,Matriculado,2026,Manhã,Aluno Audit 271,10271,aluno271@motivo.com.br,12345678901,Resp 271
Motivo,Boa Viagem,Infantil 4 Regular,A,Matriculado,2026,Manhã,Aluno Audit 272,10272,aluno272@motivo.com.br,12345678901,Resp 272
Motivo,Boa Viagem,Infantil 4 Regular,A,Matriculado,2026,Manhã,Aluno Audit 273,10273,aluno273@motivo.com.br,12345678901,Resp 273
Motivo,Boa Viagem,Infantil 4 Regular,A,Matriculado,2026,Manhã,Aluno Audit 274,10274,aluno274@motivo.com.br,12345678901,Resp 274
Motivo,Boa Viagem,Infantil 4 Regular,A,Matriculado,2026,Manhã,Aluno Audit 275,10275,aluno275@motivo.com.br,12345678901,Resp 275
Motivo,Boa Viagem,Infantil 4 Regular,A,Matriculado,2026,Manhã,Aluno Audit 276,10276,aluno276@motivo.com.br,12345678901,Resp 276
Motivo,Boa Viagem,Infantil 4 Regular,A,Matriculado,2026,Manhã,Aluno Audit 277,10277,aluno277@motivo.com.br,12345678901,Resp 277
Motivo,Boa Viagem,Infantil 4 Regular,A,Matriculado,2026,Manhã,Aluno Audit 278,10278,aluno278@motivo.com.br,12345678901,Resp 278
Motivo,Boa Viagem,Infantil 4 Regular,A,Matriculado,2026,Manhã,Aluno Audit 279,10279,aluno279@motivo.com.br,12345678901,Resp 279
Motivo,Boa Viagem,Infantil 4 Regular,A,Matriculado,2026,Manhã,Aluno Audit 280,10280,aluno280@motivo.com.br,12345678901,Resp 280
Motivo,Boa Viagem,Infantil 4 Regular,A,Matriculado,2026,Manhã,Aluno Audit 281,10281,aluno281@motivo.com.br,12345678901,Resp 281
Motivo,Boa Viagem,Infantil 4 Regular,A,Matriculado,2026,Manhã,Aluno Audit 282,10282,aluno282@motivo.com.br,12345678901,Resp 282
Motivo,Boa Viagem,Infantil 4 Regular,A,Matriculado,2026,Manhã,Aluno Audit 283,10283,aluno283@motivo.com.br,12345678901,Resp 283
Motivo,Boa Viagem,Infantil 4 Regular,A,Matriculado,2026,Manhã,Aluno Audit 284,10284,aluno284@motivo.com.br,12345678901,Resp 284
Motivo,Boa Viagem,Infantil 4 Regular,A,Matriculado,2026,Manhã,Aluno Audit 285,10285,aluno285@motivo.com.br,12345678901,Resp 285
Motivo,Boa Viagem,Infantil 4 Regular,A,Matriculado,2026,Manhã,Aluno Audit 286,10286,aluno286@motivo.com.br,12345678901,Resp 286
Motivo,Boa Viagem,Infantil 4 Regular,A,Matriculado,2026,Manhã,Aluno Audit 287,10287,aluno287@motivo.com.br,12345678901,Resp 287
Motivo,Boa Viagem,Infantil 4 Regular,A,Matriculado,2026,Manhã,Aluno Audit 288,10288,aluno288@motivo.com.br,12345678901,Resp 288
Motivo,Boa Viagem,Infantil 4 Regular,A,Matriculado,2026,Manhã,Aluno Audit 289,10289,aluno289@motivo.com.br,12345678901,Resp 289
Motivo,Boa Viagem,Infantil 4 Regular,A,Matriculado,2026,Manhã,Aluno Audit 290,10290,aluno290@motivo.com.br,12345678901,Resp 290
Motivo,Boa Viagem,Infantil 4 Regular,A,Matriculado,2026,Manhã,Aluno Audit 291,10291,aluno291@motivo.com.br,12345678901,Resp 291
Motivo,Boa Viagem,Infantil 4 Regular,A,Matriculado,2026,Manhã,Aluno Audit 292,10292,aluno292@motivo.com.br,12345678901,Resp 292
Motivo,Boa Viagem,Infantil 4 Regular,A,Matriculado,2026,Manhã,Aluno Audit 293,10293,aluno293@motivo.com.br,12345678901,Resp 293
Motivo,Boa Viagem,Infantil 4 Regular,A,Matriculado,2026,Manhã,Aluno Audit 294,10294,aluno294@motivo.com.br,12345678901,Resp 294
Motivo,Boa Viagem,Infantil 4 Regular,A,Matriculado,2026,Manhã,Aluno Audit 295,10295,aluno295@motivo.com.br,12345678901,Resp 295
Motivo,Boa Viagem,Infantil 4 Regular,A,Matriculado,2026,Manhã,Aluno Audit 296,10296,aluno296@motivo.com.br,12345678901,Resp 296
Motivo,Boa Viagem,Infantil 4 Regular,A,Matriculado,2026,Manhã,Aluno Audit 297,10297,aluno297@motivo.com.br,12345678901,Resp 297
Motivo,Boa Viagem,Infantil 4 Regular,A,Matriculado,2026,Manhã,Aluno Audit 298,10298,aluno298@motivo.com.br,12345678901,Resp 298
Motivo,Boa Viagem,Infantil 4 Regular,A,Matriculado,2026,Manhã,Aluno Audit 299,10299,aluno299@motivo.com.br,12345678901,Resp 299
Motivo,Boa Viagem,Infantil 4 Regular,A,Matriculado,2026,Manhã,Aluno Audit 300,10300,aluno300@motivo.com.br,12345678901,Resp 300
Motivo,Boa Viagem,Infantil 5 Regular,A,Matriculado,2027,Manhã,Aluno Audit 151,10151,aluno151@motivo.com.br,12345678901,Resp 151
Motivo,Boa Viagem,Infantil 5 Regular,A,Matriculado,2027,Manhã,Aluno Audit 152,10152,aluno152@motivo.com.br,12345678901,Resp 152
Motivo,Boa Viagem,Infantil 5 Regular,A,Matriculado,2027,Manhã,Aluno Audit 153,10153,aluno153@motivo.com.br,12345678901,Resp 153
Motivo,Boa Viagem,Infantil 5 Regular,A,Matriculado,2027,Manhã,Aluno Audit 154,10154,aluno154@motivo.com.br,12345678901,Resp 154
Motivo,Boa Viagem,Infantil 5 Regular,A,Matriculado,2027,Manhã,Aluno Audit 155,10155,aluno155@motivo.com.br,12345678901,Resp 155
Motivo,Boa Viagem,Infantil 5 Regular,A,Matriculado,2027,Manhã,Aluno Audit 156,10156,aluno156@motivo.com.br,12345678901,Resp 156
Motivo,Boa Viagem,Infantil 5 Regular,A,Matriculado,2027,Manhã,Aluno Audit 157,10157,aluno157@motivo.com.br,12345678901,Resp 157
Motivo,Boa Viagem,Infantil 5 Regular,A,Matriculado,2027,Manhã,Aluno Audit 158,10158,aluno158@motivo.com.br,12345678901,Resp 158
Motivo,Boa Viagem,Infantil 5 Regular,A,Matriculado,2027,Manhã,Aluno Audit 159,10159,aluno159@motivo.com.br,12345678901,Resp 159
Motivo,Boa Viagem,Infantil 5 Regular,A,Matriculado,2027,Manhã,Aluno Audit 160,10160,aluno160@motivo.com.br,12345678901,Resp 160
Motivo,Boa Viagem,Infantil 5 Regular,A,Matriculado,2027,Manhã,Aluno Audit 161,10161,aluno161@motivo.com.br,12345678901,Resp 161
Motivo,Boa Viagem,Infantil 5 Regular,A,Matriculado,2027,Manhã,Aluno Audit 162,10162,aluno162@motivo.com.br,12345678901,Resp 162
Motivo,Boa Viagem,Infantil 5 Regular,A,Matriculado,2027,Manhã,Aluno Audit 163,10163,aluno163@motivo.com.br,12345678901,Resp 163
Motivo,Boa Viagem,Infantil 5 Regular,A,Matriculado,2027,Manhã,Aluno Audit 164,10164,aluno164@motivo.com.br,12345678901,Resp 164
Motivo,Boa Viagem,Infantil 5 Regular,A,Matriculado,2027,Manhã,Aluno Audit 165,10165,aluno165@motivo.com.br,12345678901,Resp 165
Motivo,Boa Viagem,Infantil 5 Regular,A,Matriculado,2027,Manhã,Aluno Audit 166,10166,aluno166@motivo.com.br,12345678901,Resp 166
Motivo,Boa Viagem,Infantil 5 Regular,A,Matriculado,2027,Manhã,Aluno Audit 167,10167,aluno167@motivo.com.br,12345678901,Resp 167
Motivo,Boa Viagem,Infantil 5 Regular,A,Matriculado,2027,Manhã,Aluno Audit 168,10168,aluno168@motivo.com.br,12345678901,Resp 168
Motivo,Boa Viagem,Infantil 5 Regular,A,Matriculado,2027,Manhã,Aluno Audit 169,10169,aluno169@motivo.com.br,12345678901,Resp 169
Motivo,Boa Viagem,Infantil 5 Regular,A,Matriculado,2027,Manhã,Aluno Audit 170,10170,aluno170@motivo.com.br,12345678901,Resp 170
Motivo,Boa Viagem,Infantil 5 Regular,A,Matriculado,2027,Manhã,Aluno Audit 171,10171,aluno171@motivo.com.br,12345678901,Resp 171
Motivo,Boa Viagem,Infantil 5 Regular,A,Matriculado,2027,Manhã,Aluno Audit 172,10172,aluno172@motivo.com.br,12345678901,Resp 172
Motivo,Boa Viagem,Infantil 5 Regular,A,Matriculado,2027,Manhã,Aluno Audit 173,10173,aluno173@motivo.com.br,12345678901,Resp 173
Motivo,Boa Viagem,Infantil 5 Regular,A,Matriculado,2027,Manhã,Aluno Audit 174,10174,aluno174@motivo.com.br,12345678901,Resp 174
Motivo,Boa Viagem,Infantil 5 Regular,A,Matriculado,2027,Manhã,Aluno Audit 175,10175,aluno175@motivo.com.br,12345678901,Resp 175
Motivo,Boa Viagem,Infantil 5 Regular,A,Matriculado,2027,Manhã,Aluno Audit 176,10176,aluno176@motivo.com.br,12345678901,Resp 176
Motivo,Boa Viagem,Infantil 5 Regular,A,Matriculado,2027,Manhã,Aluno Audit 177,10177,aluno177@motivo.com.br,12345678901,Resp 177
Motivo,Boa Viagem,Infantil 5 Regular,A,Matriculado,2027,Manhã,Aluno Audit 178,10178,aluno178@motivo.com.br,12345678901,Resp 178
Motivo,Boa Viagem,Infantil 5 Regular,A,Matriculado,2027,Manhã,Aluno Audit 179,10179,aluno179@motivo.com.br,12345678901,Resp 179
Motivo,Boa Viagem,Infantil 5 Regular,A,Matriculado,2027,Manhã,Aluno Audit 180,10180,aluno180@motivo.com.br,12345678901,Resp 180
Motivo,Boa Viagem,Infantil 5 Regular,A,Matriculado,2027,Manhã,Aluno Audit 181,10181,aluno181@motivo.com.br,12345678901,Resp 181
Motivo,Boa Viagem,Infantil 5 Regular,A,Matriculado,2027,Manhã,Aluno Audit 182,10182,aluno182@motivo.com.br,12345678901,Resp 182
Motivo,Boa Viagem,Infantil 5 Regular,A,Matriculado,2027,Manhã,Aluno Audit 183,10183,aluno183@motivo.com.br,12345678901,Resp 183
Motivo,Boa Viagem,Infantil 5 Regular,A,Matriculado,2027,Manhã,Aluno Audit 184,10184,aluno184@motivo.com.br,12345678901,Resp 184
Motivo,Boa Viagem,Infantil 5 Regular,A,Matriculado,2027,Manhã,Aluno Audit 185,10185,aluno185@motivo.com.br,12345678901,Resp 185
Motivo,Boa Viagem,Infantil 5 Regular,A,Matriculado,2027,Manhã,Aluno Audit 186,10186,aluno186@motivo.com.br,12345678901,Resp 186
Motivo,Boa Viagem,Infantil 5 Regular,A,Matriculado,2027,Manhã,Aluno Audit 187,10187,aluno187@motivo.com.br,12345678901,Resp 187
Motivo,Boa Viagem,Infantil 5 Regular,A,Matriculado,2027,Manhã,Aluno Audit 188,10188,aluno188@motivo.com.br,12345678901,Resp 188
Motivo,Boa Viagem,Infantil 5 Regular,A,Matriculado,2027,Manhã,Aluno Audit 189,10189,aluno189@motivo.com.br,12345678901,Resp 189
Motivo,Boa Viagem,Infantil 5 Regular,A,Matriculado,2027,Manhã,Aluno Audit 190,10190,aluno190@motivo.com.br,12345678901,Resp 190
Motivo,Boa Viagem,Infantil 5 Regular,A,Matriculado,2027,Manhã,Aluno Audit 191,10191,aluno191@motivo.com.br,12345678901,Resp 191
Motivo,Boa Viagem,Infantil 5 Regular,A,Matriculado,2027,Manhã,Aluno Audit 192,10192,aluno192@motivo.com.br,12345678901,Resp 192
Motivo,Boa Viagem,Infantil 5 Regular,A,Matriculado,2027,Manhã,Aluno Audit 193,10193,aluno193@motivo.com.br,12345678901,Resp 193
Motivo,Boa Viagem,Infantil 5 Regular,A,Matriculado,2027,Manhã,Aluno Audit 194,10194,aluno194@motivo.com.br,12345678901,Resp 194
Motivo,Boa Viagem,Infantil 5 Regular,A,Matriculado,2027,Manhã,Aluno Audit 195,10195,aluno195@motivo.com.br,12345678901,Resp 195
Motivo,Boa Viagem,Infantil 5 Regular,A,Matriculado,2027,Manhã,Aluno Audit 196,10196,aluno196@motivo.com.br,12345678901,Resp 196
Motivo,Boa Viagem,Infantil 5 Regular,A,Matriculado,2027,Manhã,Aluno Audit 197,10197,aluno197@motivo.com.br,12345678901,Resp 197
Motivo,Boa Viagem,Infantil 5 Regular,A,Matriculado,2027,Manhã,Aluno Audit 198,10198,aluno198@motivo.com.br,12345678901,Resp 198
Motivo,Boa Viagem,Infantil 5 Regular,A,Matriculado,2027,Manhã,Aluno Audit 199,10199,aluno199@motivo.com.br,12345678901,Resp 199
Motivo,Boa Viagem,Infantil 5 Regular,A,Matriculado,2027,Manhã,Aluno Audit 200,10200,aluno200@motivo.com.br,12345678901,Resp 200
Motivo,Boa Viagem,Infantil 5 Regular,A,Matriculado,2027,Manhã,Aluno Audit 201,10201,aluno201@motivo.com.br,12345678901,Resp 201
Motivo,Boa Viagem,Infantil 5 Regular,A,Matriculado,2027,Manhã,Aluno Audit 202,10202,aluno202@motivo.com.br,12345678901,Resp 202
Motivo,Boa Viagem,Infantil 5 Regular,A,Matriculado,2027,Manhã,Aluno Audit 203,10203,aluno203@motivo.com.br,12345678901,Resp 203
Motivo,Boa Viagem,Infantil 5 Regular,A,Matriculado,2027,Manhã,Aluno Audit 204,10204,aluno204@motivo.com.br,12345678901,Resp 204
Motivo,Boa Viagem,Infantil 5 Regular,A,Matriculado,2027,Manhã,Aluno Audit 205,10205,aluno205@motivo.com.br,12345678901,Resp 205
Motivo,Boa Viagem,Infantil 5 Regular,A,Matriculado,2027,Manhã,Aluno Audit 206,10206,aluno206@motivo.com.br,12345678901,Resp 206
Motivo,Boa Viagem,Infantil 5 Regular,A,Matriculado,2027,Manhã,Aluno Audit 207,10207,aluno207@motivo.com.br,12345678901,Resp 207
Motivo,Boa Viagem,Infantil 5 Regular,A,Matriculado,2027,Manhã,Aluno Audit 208,10208,aluno208@motivo.com.br,12345678901,Resp 208
Motivo,Boa Viagem,Infantil 5 Regular,A,Matriculado,2027,Manhã,Aluno Audit 209,10209,aluno209@motivo.com.br,12345678901,Resp 209
Motivo,Boa Viagem,Infantil 5 Regular,A,Matriculado,2027,Manhã,Aluno Audit 210,10210,aluno210@motivo.com.br,12345678901,Resp 210
Motivo,Boa Viagem,Infantil 5 Regular,A,Matriculado,2027,Manhã,Aluno Audit 211,10211,aluno211@motivo.com.br,12345678901,Resp 211
Motivo,Boa Viagem,Infantil 5 Regular,A,Matriculado,2027,Manhã,Aluno Audit 212,10212,aluno212@motivo.com.br,12345678901,Resp 212
Motivo,Boa Viagem,Infantil 5 Regular,A,Matriculado,2027,Manhã,Aluno Audit 213,10213,aluno213@motivo.com.br,12345678901,Resp 213
Motivo,Boa Viagem,Infantil 5 Regular,A,Matriculado,2027,Manhã,Aluno Audit 214,10214,aluno214@motivo.com.br,12345678901,Resp 214
Motivo,Boa Viagem,Infantil 5 Regular,A,Matriculado,2027,Manhã,Aluno Audit 215,10215,aluno215@motivo.com.br,12345678901,Resp 215
Motivo,Boa Viagem,Infantil 5 Regular,A,Matriculado,2027,Manhã,Aluno Audit 216,10216,aluno216@motivo.com.br,12345678901,Resp 216
Motivo,Boa Viagem,Infantil 5 Regular,A,Matriculado,2027,Manhã,Aluno Audit 217,10217,aluno217@motivo.com.br,12345678901,Resp 217
Motivo,Boa Viagem,Infantil 5 Regular,A,Matriculado,2027,Manhã,Aluno Audit 218,10218,aluno218@motivo.com.br,12345678901,Resp 218
Motivo,Boa Viagem,Infantil 5 Regular,A,Matriculado,2027,Manhã,Aluno Audit 219,10219,aluno219@motivo.com.br,12345678901,Resp 219
Motivo,Boa Viagem,Infantil 5 Regular,A,Matriculado,2027,Manhã,Aluno Audit 220,10220,aluno220@motivo.com.br,12345678901,Resp 220
Motivo,Boa Viagem,Infantil 5 Regular,A,Matriculado,2027,Manhã,Aluno Audit 221,10221,aluno221@motivo.com.br,12345678901,Resp 221
Motivo,Boa Viagem,Infantil 5 Regular,A,Matriculado,2027,Manhã,Aluno Audit 222,10222,aluno222@motivo.com.br,12345678901,Resp 222
Motivo,Boa Viagem,Infantil 5 Regular,A,Matriculado,2027,Manhã,Aluno Audit 223,10223,aluno223@motivo.com.br,12345678901,Resp 223
Motivo,Boa Viagem,Infantil 5 Regular,A,Matriculado,2027,Manhã,Aluno Audit 224,10224,aluno224@motivo.com.br,12345678901,Resp 224
Motivo,Boa Viagem,Infantil 5 Regular,A,Matriculado,2027,Manhã,Aluno Audit 225,10225,aluno225@motivo.com.br,12345678901,Resp 225
Motivo,Boa Viagem,Infantil 5 Regular,A,Matriculado,2027,Manhã,Aluno Audit 226,10226,aluno226@motivo.com.br,12345678901,Resp 226
Motivo,Boa Viagem,Infantil 5 Regular,A,Matriculado,2027,Manhã,Aluno Audit 227,10227,aluno227@motivo.com.br,12345678901,Resp 227
Motivo,Boa Viagem,Infantil 5 Regular,A,Matriculado,2027,Manhã,Aluno Audit 228,10228,aluno228@motivo.com.br,12345678901,Resp 228
Motivo,Boa Viagem,Infantil 5 Regular,A,Matriculado,2027,Manhã,Aluno Audit 229,10229,aluno229@motivo.com.br,12345678901,Resp 229
Motivo,Boa Viagem,Infantil 5 Regular,A,Matriculado,2027,Manhã,Aluno Audit 230,10230,aluno230@motivo.com.br,12345678901,Resp 230
Motivo,Boa Viagem,Infantil 5 Regular,A,Matriculado,2027,Manhã,Aluno Audit 231,10231,aluno231@motivo.com.br,12345678901,Resp 231
Motivo,Boa Viagem,Infantil 5 Regular,A,Matriculado,2027,Manhã,Aluno Audit 232,10232,aluno232@motivo.com.br,12345678901,Resp 232
Motivo,Boa Viagem,Infantil 5 Regular,A,Matriculado,2027,Manhã,Aluno Audit 233,10233,aluno233@motivo.com.br,12345678901,Resp 233
Motivo,Boa Viagem,Infantil 5 Regular,A,Matriculado,2027,Manhã,Aluno Audit 234,10234,aluno234@motivo.com.br,12345678901,Resp 234
Motivo,Boa Viagem,Infantil 5 Regular,A,Matriculado,2027,Manhã,Aluno Audit 235,10235,aluno235@motivo.com.br,12345678901,Resp 235
Motivo,Boa Viagem,Infantil 5 Regular,A,Matriculado,2027,Manhã,Aluno Audit 236,10236,aluno236@motivo.com.br,12345678901,Resp 236
Motivo,Boa Viagem,Infantil 5 Regular,A,Matriculado,2027,Manhã,Aluno Audit 237,10237,aluno237@motivo.com.br,12345678901,Resp 237
Motivo,Boa Viagem,Infantil 5 Regular,A,Matriculado,2027,Manhã,Aluno Audit 238,10238,aluno238@motivo.com.br,12345678901,Resp 238
Motivo,Boa Viagem,Infantil 5 Regular,A,Matriculado,2027,Manhã,Aluno Audit 239,10239,aluno239@motivo.com.br,12345678901,Resp 239
Motivo,Boa Viagem,Infantil 5 Regular,A,Matriculado,2027,Manhã,Aluno Audit 240,10240,aluno240@motivo.com.br,12345678901,Resp 240
Motivo,Boa Viagem,Infantil 5 Regular,A,Matriculado,2027,Manhã,Aluno Audit 241,10241,aluno241@motivo.com.br,12345678901,Resp 241
Motivo,Boa Viagem,Infantil 5 Regular,A,Matriculado,2027,Manhã,Aluno Audit 242,10242,aluno242@motivo.com.br,12345678901,Resp 242
Motivo,Boa Viagem,Infantil 5 Regular,A,Matriculado,2027,Manhã,Aluno Audit 243,10243,aluno243@motivo.com.br,12345678901,Resp 243
Motivo,Boa Viagem,Infantil 5 Regular,A,Matriculado,2027,Manhã,Aluno Audit 244,10244,aluno244@motivo.com.br,12345678901,Resp 244
Motivo,Boa Viagem,Infantil 5 Regular,A,Matriculado,2027,Manhã,Aluno Audit 245,10245,aluno245@motivo.com.br,12345678901,Resp 245
Motivo,Boa Viagem,Infantil 5 Regular,A,Matriculado,2027,Manhã,Aluno Audit 246,10246,aluno246@motivo.com.br,12345678901,Resp 246
Motivo,Boa Viagem,Infantil 5 Regular,A,Matriculado,2027,Manhã,Aluno Audit 247,10247,aluno247@motivo.com.br,12345678901,Resp 247
Motivo,Boa Viagem,Infantil 5 Regular,A,Matriculado,2027,Manhã,Aluno Audit 248,10248,aluno248@motivo.com.br,12345678901,Resp 248
Motivo,Boa Viagem,Infantil 5 Regular,A,Matriculado,2027,Manhã,Aluno Audit 249,10249,aluno249@motivo.com.br,12345678901,Resp 249
Motivo,Boa Viagem,Infantil 5 Regular,A,Matriculado,2027,Manhã,Aluno Audit 250,10250,aluno250@motivo.com.br,12345678901,Resp 250
Motivo,Boa Viagem,Infantil 5 Regular,A,Matriculado,2027,Manhã,Aluno Audit 251,10251,aluno251@motivo.com.br,12345678901,Resp 251
Motivo,Boa Viagem,Infantil 5 Regular,A,Matriculado,2027,Manhã,Aluno Audit 252,10252,aluno252@motivo.com.br,12345678901,Resp 252
Motivo,Boa Viagem,Infantil 5 Regular,A,Matriculado,2027,Manhã,Aluno Audit 253,10253,aluno253@motivo.com.br,12345678901,Resp 253
Motivo,Boa Viagem,Infantil 5 Regular,A,Matriculado,2027,Manhã,Aluno Audit 254,10254,aluno254@motivo.com.br,12345678901,Resp 254
Motivo,Boa Viagem,Infantil 5 Regular,A,Matriculado,2027,Manhã,Aluno Audit 255,10255,aluno255@motivo.com.br,12345678901,Resp 255
Motivo,Boa Viagem,Infantil 5 Regular,A,Matriculado,2027,Manhã,Aluno Audit 256,10256,aluno256@motivo.com.br,12345678901,Resp 256
Motivo,Boa Viagem,Infantil 5 Regular,A,Matriculado,2027,Manhã,Aluno Audit 257,10257,aluno257@motivo.com.br,12345678901,Resp 257
Motivo,Boa Viagem,Infantil 5 Regular,A,Matriculado,2027,Manhã,Aluno Audit 258,10258,aluno258@motivo.com.br,12345678901,Resp 258
Motivo,Boa Viagem,Infantil 5 Regular,A,Matriculado,2027,Manhã,Aluno Audit 259,10259,aluno259@motivo.com.br,12345678901,Resp 259
Motivo,Boa Viagem,Infantil 5 Regular,A,Matriculado,2027,Manhã,Aluno Audit 260,10260,aluno260@motivo.com.br,12345678901,Resp 260
Motivo,Boa Viagem,Infantil 5 Regular,A,Matriculado,2027,Manhã,Aluno Audit 261,10261,aluno261@motivo.com.br,12345678901,Resp 261
Motivo,Boa Viagem,Infantil 5 Regular,A,Matriculado,2027,Manhã,Aluno Audit 262,10262,aluno262@motivo.com.br,12345678901,Resp 262
Motivo,Boa Viagem,Infantil 5 Regular,A,Matriculado,2027,Manhã,Aluno Audit 263,10263,aluno263@motivo.com.br,12345678901,Resp 263
Motivo,Boa Viagem,Infantil 5 Regular,A,Matriculado,2027,Manhã,Aluno Audit 264,10264,aluno264@motivo.com.br,12345678901,Resp 264
Motivo,Boa Viagem,Infantil 5 Regular,A,Matriculado,2027,Manhã,Aluno Audit 265,10265,aluno265@motivo.com.br,12345678901,Resp 265
Motivo,Boa Viagem,Infantil 5 Regular,A,Matriculado,2027,Manhã,Aluno Audit 266,10266,aluno266@motivo.com.br,12345678901,Resp 266
Motivo,Boa Viagem,Infantil 5 Regular,A,Matriculado,2027,Manhã,Aluno Audit 267,10267,aluno267@motivo.com.br,12345678901,Resp 267
Motivo,Boa Viagem,Infantil 5 Regular,A,Matriculado,2027,Manhã,Aluno Audit 268,10268,aluno268@motivo.com.br,12345678901,Resp 268
Motivo,Boa Viagem,Infantil 5 Regular,A,Matriculado,2027,Manhã,Aluno Audit 269,10269,aluno269@motivo.com.br,12345678901,Resp 269
Motivo,Boa Viagem,Infantil 5 Regular,A,Matriculado,2027,Manhã,Aluno Audit 270,10270,aluno270@motivo.com.br,12345678901,Resp 270
Motivo,Boa Viagem,Infantil 5 Regular,A,Matriculado,2027,Manhã,Aluno Audit 271,10271,aluno271@motivo.com.br,12345678901,Resp 271
Motivo,Boa Viagem,Infantil 5 Regular,A,Matriculado,2027,Manhã,Aluno Audit 272,10272,aluno272@motivo.com.br,12345678901,Resp 272
Motivo,Boa Viagem,Infantil 5 Regular,A,Matriculado,2027,Manhã,Aluno Audit 273,10273,aluno273@motivo.com.br,12345678901,Resp 273
Motivo,Boa Viagem,Infantil 5 Regular,A,Matriculado,2027,Manhã,Aluno Audit 274,10274,aluno274@motivo.com.br,12345678901,Resp 274
Motivo,Boa Viagem,Infantil 5 Regular,A,Matriculado,2027,Manhã,Aluno Audit 275,10275,aluno275@motivo.com.br,12345678901,Resp 275
Motivo,Boa Viagem,Infantil 5 Regular,A,Matriculado,2027,Manhã,Aluno Audit 276,10276,aluno276@motivo.com.br,12345678901,Resp 276
Motivo,Boa Viagem,Infantil 5 Regular,A,Matriculado,2027,Manhã,Aluno Audit 277,10277,aluno277@motivo.com.br,12345678901,Resp 277
Motivo,Boa Viagem,Infantil 5 Regular,A,Matriculado,2027,Manhã,Aluno Audit 278,10278,aluno278@motivo.com.br,12345678901,Resp 278
Motivo,Boa Viagem,Infantil 5 Regular,A,Matriculado,2027,Manhã,Aluno Audit 279,10279,aluno279@motivo.com.br,12345678901,Resp 279
Motivo,Boa Viagem,Infantil 5 Regular,A,Matriculado,2027,Manhã,Aluno Audit 280,10280,aluno280@motivo.com.br,12345678901,Resp 280
Motivo,Boa Viagem,Infantil 5 Regular,A,Matriculado,2027,Manhã,Aluno Audit 281,10281,aluno281@motivo.com.br,12345678901,Resp 281
Motivo,Boa Viagem,Infantil 5 Regular,A,Matriculado,2027,Manhã,Aluno Audit 282,10282,aluno282@motivo.com.br,12345678901,Resp 282
Motivo,Boa Viagem,Infantil 5 Regular,A,Matriculado,2027,Manhã,Aluno Audit 283,10283,aluno283@motivo.com.br,12345678901,Resp 283
Motivo,Boa Viagem,Infantil 5 Regular,A,Matriculado,2027,Manhã,Aluno Audit 284,10284,aluno284@motivo.com.br,12345678901,Resp 284
Motivo,Boa Viagem,Infantil 5 Regular,A,Matriculado,2027,Manhã,Aluno Audit 285,10285,aluno285@motivo.com.br,12345678901,Resp 285
Motivo,Boa Viagem,Infantil 5 Regular,A,Matriculado,2027,Manhã,Aluno Audit 286,10286,aluno286@motivo.com.br,12345678901,Resp 286
Motivo,Boa Viagem,Infantil 5 Regular,A,Matriculado,2027,Manhã,Aluno Audit 287,10287,aluno287@motivo.com.br,12345678901,Resp 287
Motivo,Boa Viagem,Infantil 5 Regular,A,Matriculado,2027,Manhã,Aluno Audit 288,10288,aluno288@motivo.com.br,12345678901,Resp 288
Motivo,Boa Viagem,Infantil 5 Regular,A,Matriculado,2027,Manhã,Aluno Audit 289,10289,aluno289@motivo.com.br,12345678901,Resp 289
Motivo,Boa Viagem,Infantil 5 Regular,A,Matriculado,2027,Manhã,Aluno Audit 290,10290,aluno290@motivo.com.br,12345678901,Resp 290
Motivo,Boa Viagem,Infantil 5 Regular,A,Matriculado,2027,Manhã,Aluno Audit 291,10291,aluno291@motivo.com.br,12345678901,Resp 291
Motivo,Boa Viagem,Infantil 5 Regular,A,Matriculado,2027,Manhã,Aluno Audit 292,10292,aluno292@motivo.com.br,12345678901,Resp 292
Motivo,Boa Viagem,Infantil 5 Regular,A,Matriculado,2027,Manhã,Aluno Audit 293,10293,aluno293@motivo.com.br,12345678901,Resp 293
Motivo,Boa Viagem,Infantil 5 Regular,A,Matriculado,2027,Manhã,Aluno Audit 294,10294,aluno294@motivo.com.br,12345678901,Resp 294
Motivo,Boa Viagem,Infantil 5 Regular,A,Matriculado,2027,Manhã,Aluno Audit 295,10295,aluno295@motivo.com.br,12345678901,Resp 295
Motivo,Boa Viagem,Infantil 5 Regular,A,Matriculado,2027,Manhã,Aluno Audit 296,10296,aluno296@motivo.com.br,12345678901,Resp 296
Motivo,Boa Viagem,Infantil 5 Regular,A,Matriculado,2027,Manhã,Aluno Audit 297,10297,aluno297@motivo.com.br,12345678901,Resp 297
Motivo,Boa Viagem,Infantil 5 Regular,A,Matriculado,2027,Manhã,Aluno Audit 298,10298,aluno298@motivo.com.br,12345678901,Resp 298
Motivo,Boa Viagem,Infantil 5 Regular,A,Matriculado,2027,Manhã,Aluno Audit 299,10299,aluno299@motivo.com.br,12345678901,Resp 299
Motivo,Boa Viagem,Infantil 5 Regular,A,Matriculado,2027,Manhã,Aluno Audit 300,10300,aluno300@motivo.com.br,12345678901,Resp 300
Motivo,Boa Viagem,Infantil 5 Regular,A,Matriculado,2027,Manhã,Aluno Audit 301,10301,aluno301@motivo.com.br,12345678901,Resp 301
Motivo,Boa Viagem,Infantil 5 Regular,A,Matriculado,2027,Manhã,Aluno Audit 302,10302,aluno302@motivo.com.br,12345678901,Resp 302
Motivo,Boa Viagem,Infantil 5 Regular,A,Matriculado,2027,Manhã,Aluno Audit 303,10303,aluno303@motivo.com.br,12345678901,Resp 303
Motivo,Boa Viagem,Infantil 5 Regular,A,Matriculado,2027,Manhã,Aluno Audit 304,10304,aluno304@motivo.com.br,12345678901,Resp 304
Motivo,Boa Viagem,Infantil 5 Regular,A,Matriculado,2027,Manhã,Aluno Audit 305,10305,aluno305@motivo.com.br,12345678901,Resp 305
Motivo,Boa Viagem,Infantil 5 Regular,A,Matriculado,2027,Manhã,Aluno Audit 306,10306,aluno306@motivo.com.br,12345678901,Resp 306
Motivo,Boa Viagem,Infantil 5 Regular,A,Matriculado,2027,Manhã,Aluno Audit 307,10307,aluno307@motivo.com.br,12345678901,Resp 307
Motivo,Boa Viagem,Infantil 5 Regular,A,Matriculado,2027,Manhã,Aluno Audit 308,10308,aluno308@motivo.com.br,12345678901,Resp 308
Motivo,Boa Viagem,Infantil 5 Regular,A,Matriculado,2027,Manhã,Aluno Audit 309,10309,aluno309@motivo.com.br,12345678901,Resp 309
Motivo,Boa Viagem,Infantil 5 Regular,A,Matriculado,2027,Manhã,Aluno Audit 310,10310,aluno310@motivo.com.br,12345678901,Resp 310
Motivo,Boa Viagem,Infantil 5 Regular,A,Matriculado,2027,Manhã,Aluno Audit 311,10311,aluno311@motivo.com.br,12345678901,Resp 311
Motivo,Boa Viagem,Infantil 5 Regular,A,Matriculado,2027,Manhã,Aluno Audit 312,10312,aluno312@motivo.com.br,12345678901,Resp 312
Motivo,Boa Viagem,Infantil 5 Regular,A,Matriculado,2027,Manhã,Aluno Audit 313,10313,aluno313@motivo.com.br,12345678901,Resp 313
Motivo,Boa Viagem,Infantil 5 Regular,A,Matriculado,2027,Manhã,Aluno Audit 314,10314,aluno314@motivo.com.br,12345678901,Resp 314
Motivo,Boa Viagem,Infantil 5 Regular,A,Matriculado,2027,Manhã,Aluno Audit 315,10315,aluno315@motivo.com.br,12345678901,Resp 315
Motivo,Boa Viagem,Infantil 5 Regular,A,Matriculado,2027,Manhã,Aluno Audit 316,10316,aluno316@motivo.com.br,12345678901,Resp 316
Motivo,Boa Viagem,Infantil 5 Regular,A,Matriculado,2027,Manhã,Aluno Audit 317,10317,aluno317@motivo.com.br,12345678901,Resp 317
Motivo,Boa Viagem,Infantil 5 Regular,A,Matriculado,2027,Manhã,Aluno Audit 318,10318,aluno318@motivo.com.br,12345678901,Resp 318
Motivo,Boa Viagem,Infantil 5 Regular,A,Matriculado,2027,Manhã,Aluno Audit 319,10319,aluno319@motivo.com.br,12345678901,Resp 319
Motivo,Boa Viagem,Infantil 5 Regular,A,Matriculado,2027,Manhã,Aluno Audit 320,10320,aluno320@motivo.com.br,12345678901,Resp 320
Motivo,Boa Viagem,Infantil 5 Regular,A,Matriculado,2027,Manhã,Aluno Audit 321,10321,aluno321@motivo.com.br,12345678901,Resp 321
Motivo,Boa Viagem,Infantil 5 Regular,A,Matriculado,2027,Manhã,Aluno Audit 322,10322,aluno322@motivo.com.br,12345678901,Resp 322
Motivo,Boa Viagem,Infantil 5 Regular,A,Matriculado,2027,Manhã,Aluno Audit 323,10323,aluno323@motivo.com.br,12345678901,Resp 323
Motivo,Boa Viagem,Infantil 5 Regular,A,Matriculado,2027,Manhã,Aluno Audit 324,10324,aluno324@motivo.com.br,12345678901,Resp 324
Motivo,Boa Viagem,Infantil 5 Regular,A,Matriculado,2027,Manhã,Aluno Audit 325,10325,aluno325@motivo.com.br,12345678901,Resp 325
Motivo,Boa Viagem,Infantil 5 Regular,A,Matriculado,2027,Manhã,Aluno Audit 326,10326,aluno326@motivo.com.br,12345678901,Resp 326
Motivo,Boa Viagem,Infantil 5 Regular,A,Matriculado,2027,Manhã,Aluno Audit 327,10327,aluno327@motivo.com.br,12345678901,Resp 327
Motivo,Boa Viagem,Infantil 5 Regular,A,Matriculado,2027,Manhã,Aluno Audit 328,10328,aluno328@motivo.com.br,12345678901,Resp 328
Motivo,Boa Viagem,Infantil 5 Regular,A,Matriculado,2027,Manhã,Aluno Audit 329,10329,aluno329@motivo.com.br,12345678901,Resp 329
Motivo,Boa Viagem,Infantil 5 Regular,A,Matriculado,2027,Manhã,Aluno Audit 330,10330,aluno330@motivo.com.br,12345678901,Resp 330
Motivo,Boa Viagem,Infantil 5 Regular,A,Matriculado,2027,Manhã,Aluno Audit 331,10331,aluno331@motivo.com.br,12345678901,Resp 331
Motivo,Boa Viagem,Infantil 5 Regular,A,Matriculado,2027,Manhã,Aluno Audit 332,10332,aluno332@motivo.com.br,12345678901,Resp 332
Motivo,Boa Viagem,Infantil 5 Regular,A,Matriculado,2027,Manhã,Aluno Audit 333,10333,aluno333@motivo.com.br,12345678901,Resp 333
Motivo,Boa Viagem,Infantil 5 Regular,A,Matriculado,2027,Manhã,Aluno Audit 334,10334,aluno334@motivo.com.br,12345678901,Resp 334
Motivo,Boa Viagem,Infantil 5 Regular,A,Matriculado,2027,Manhã,Aluno Audit 335,10335,aluno335@motivo.com.br,12345678901,Resp 335
Motivo,Boa Viagem,Infantil 5 Regular,A,Matriculado,2027,Manhã,Aluno Audit 336,10336,aluno336@motivo.com.br,12345678901,Resp 336
Motivo,Boa Viagem,Infantil 5 Regular,A,Matriculado,2027,Manhã,Aluno Audit 337,10337,aluno337@motivo.com.br,12345678901,Resp 337
Motivo,Boa Viagem,Infantil 5 Regular,A,Matriculado,2027,Manhã,Aluno Audit 338,10338,aluno338@motivo.com.br,12345678901,Resp 338
Motivo,Boa Viagem,Infantil 5 Regular,A,Matriculado,2027,Manhã,Aluno Audit 339,10339,aluno339@motivo.com.br,12345678901,Resp 339
Motivo,Boa Viagem,Infantil 5 Regular,A,Matriculado,2027,Manhã,Aluno Audit 340,10340,aluno340@motivo.com.br,12345678901,Resp 340
Motivo,Boa Viagem,Infantil 5 Regular,A,Matriculado,2027,Manhã,Aluno Audit 341,10341,aluno341@motivo.com.br,12345678901,Resp 341
Motivo,Boa Viagem,Infantil 5 Regular,A,Matriculado,2027,Manhã,Aluno Audit 342,10342,aluno342@motivo.com.br,12345678901,Resp 342
Motivo,Boa Viagem,Infantil 5 Regular,A,Matriculado,2027,Manhã,Aluno Audit 343,10343,aluno343@motivo.com.br,12345678901,Resp 343
Motivo,Boa Viagem,Infantil 5 Regular,A,Matriculado,2027,Manhã,Aluno Audit 344,10344,aluno344@motivo.com.br,12345678901,Resp 344
Motivo,Boa Viagem,Infantil 5 Regular,A,Matriculado,2027,Manhã,Aluno Audit 345,10345,aluno345@motivo.com.br,12345678901,Resp 345
Motivo,Boa Viagem,Infantil 5 Regular,A,Matriculado,2027,Manhã,Aluno Audit 346,10346,aluno346@motivo.com.br,12345678901,Resp 346
Motivo,Boa Viagem,Infantil 5 Regular,A,Matriculado,2027,Manhã,Aluno Audit 347,10347,aluno347@motivo.com.br,12345678901,Resp 347
Motivo,Boa Viagem,Infantil 5 Regular,A,Matriculado,2027,Manhã,Aluno Audit 348,10348,aluno348@motivo.com.br,12345678901,Resp 348
Motivo,Boa Viagem,Infantil 5 Regular,A,Matriculado,2027,Manhã,Aluno Audit 349,10349,aluno349@motivo.com.br,12345678901,Resp 349
Motivo,Boa Viagem,Infantil 5 Regular,A,Matriculado,2027,Manhã,Aluno Audit 350,10350,aluno350@motivo.com.br,12345678901,Resp 350
Motivo,Boa Viagem,Infantil 5 Regular,A,Matriculado,2027,Manhã,Aluno Audit 351,10351,aluno351@motivo.com.br,12345678901,Resp 351
Motivo,Boa Viagem,Infantil 5 Regular,A,Matriculado,2027,Manhã,Aluno Audit 352,10352,aluno352@motivo.com.br,12345678901,Resp 352
Motivo,Boa Viagem,Infantil 5 Regular,A,Matriculado,2027,Manhã,Aluno Audit 353,10353,aluno353@motivo.com.br,12345678901,Resp 353
Motivo,Boa Viagem,Infantil 5 Regular,A,Matriculado,2027,Manhã,Aluno Audit 354,10354,aluno354@motivo.com.br,12345678901,Resp 354
Motivo,Boa Viagem,Infantil 5 Regular,A,Matriculado,2027,Manhã,Aluno Audit 355,10355,aluno355@motivo.com.br,12345678901,Resp 355
Motivo,Boa Viagem,Infantil 5 Regular,A,Matriculado,2027,Manhã,Aluno Audit 356,10356,aluno356@motivo.com.br,12345678901,Resp 356
Motivo,Boa Viagem,Infantil 5 Regular,A,Matriculado,2027,Manhã,Aluno Audit 357,10357,aluno357@motivo.com.br,12345678901,Resp 357
Motivo,Boa Viagem,Infantil 5 Regular,A,Matriculado,2027,Manhã,Aluno Audit 358,10358,aluno358@motivo.com.br,12345678901,Resp 358
Motivo,Boa Viagem,Infantil 5 Regular,A,Matriculado,2027,Manhã,Aluno Audit 359,10359,aluno359@motivo.com.br,12345678901,Resp 359
Motivo,Boa Viagem,Infantil 5 Regular,A,Matriculado,2027,Manhã,Aluno Audit 360,10360,aluno360@motivo.com.br,12345678901,Resp 360
Motivo,Boa Viagem,Infantil 5 Regular,A,Matriculado,2027,Manhã,Aluno Audit 361,10361,aluno361@motivo.com.br,12345678901,Resp 361
Motivo,Boa Viagem,Infantil 5 Regular,A,Matriculado,2027,Manhã,Aluno Audit 362,10362,aluno362@motivo.com.br,12345678901,Resp 362
Motivo,Boa Viagem,Infantil 5 Regular,A,Matriculado,2027,Manhã,Aluno Audit 363,10363,aluno363@motivo.com.br,12345678901,Resp 363
Motivo,Boa Viagem,Infantil 5 Regular,A,Matriculado,2027,Manhã,Aluno Audit 364,10364,aluno364@motivo.com.br,12345678901,Resp 364
Motivo,Boa Viagem,Infantil 5 Regular,A,Matriculado,2027,Manhã,Aluno Audit 365,10365,aluno365@motivo.com.br,12345678901,Resp 365
Motivo,Boa Viagem,Infantil 5 Regular,A,Matriculado,2027,Manhã,Aluno Audit 366,10366,aluno366@motivo.com.br,12345678901,Resp 366
Motivo,Boa Viagem,Infantil 5 Regular,A,Matriculado,2027,Manhã,Aluno Audit 367,10367,aluno367@motivo.com.br,12345678901,Resp 367
Motivo,Boa Viagem,Infantil 5 Regular,A,Matriculado,2027,Manhã,Aluno Audit 368,10368,aluno368@motivo.com.br,12345678901,Resp 368
Motivo,Boa Viagem,Infantil 5 Regular,A,Matriculado,2027,Manhã,Aluno Audit 369,10369,aluno369@motivo.com.br,12345678901,Resp 369
Motivo,Boa Viagem,Infantil 5 Regular,A,Matriculado,2027,Manhã,Aluno Audit 370,10370,aluno370@motivo.com.br,12345678901,Resp 370
Motivo,Boa Viagem,Infantil 5 Regular,A,Matriculado,2027,Manhã,Aluno Audit 371,10371,aluno371@motivo.com.br,12345678901,Resp 371
Motivo,Boa Viagem,Infantil 5 Regular,A,Matriculado,2027,Manhã,Aluno Audit 372,10372,aluno372@motivo.com.br,12345678901,Resp 372
Motivo,Boa Viagem,Infantil 5 Regular,A,Matriculado,2027,Manhã,Aluno Audit 373,10373,aluno373@motivo.com.br,12345678901,Resp 373
Motivo,Boa Viagem,Infantil 5 Regular,A,Matriculado,2027,Manhã,Aluno Audit 374,10374,aluno374@motivo.com.br,12345678901,Resp 374
Motivo,Boa Viagem,Infantil 5 Regular,A,Matriculado,2027,Manhã,Aluno Audit 375,10375,aluno375@motivo.com.br,12345678901,Resp 375
Motivo,Boa Viagem,Infantil 5 Regular,A,Matriculado,2027,Manhã,Aluno Audit 376,10376,aluno376@motivo.com.br,12345678901,Resp 376
Motivo,Boa Viagem,Infantil 5 Regular,A,Matriculado,2027,Manhã,Aluno Audit 377,10377,aluno377@motivo.com.br,12345678901,Resp 377
Motivo,Boa Viagem,Infantil 5 Regular,A,Matriculado,2027,Manhã,Aluno Audit 378,10378,aluno378@motivo.com.br,12345678901,Resp 378
Motivo,Boa Viagem,Infantil 5 Regular,A,Matriculado,2027,Manhã,Aluno Audit 379,10379,aluno379@motivo.com.br,12345678901,Resp 379
Motivo,Boa Viagem,Infantil 5 Regular,A,Matriculado,2027,Manhã,Aluno Audit 380,10380,aluno380@motivo.com.br,12345678901,Resp 380
Motivo,Boa Viagem,Infantil 5 Regular,A,Matriculado,2027,Manhã,Aluno Audit 381,10381,aluno381@motivo.com.br,12345678901,Resp 381
Motivo,Boa Viagem,Infantil 5 Regular,A,Matriculado,2027,Manhã,Aluno Audit 382,10382,aluno382@motivo.com.br,12345678901,Resp 382
Motivo,Boa Viagem,Infantil 5 Regular,A,Matriculado,2027,Manhã,Aluno Audit 383,10383,aluno383@motivo.com.br,12345678901,Resp 383
Motivo,Boa Viagem,Infantil 5 Regular,A,Matriculado,2027,Manhã,Aluno Audit 384,10384,aluno384@motivo.com.br,12345678901,Resp 384
Motivo,Boa Viagem,Infantil 5 Regular,A,Matriculado,2027,Manhã,Aluno Audit 385,10385,aluno385@motivo.com.br,12345678901,Resp 385
Motivo,Boa Viagem,Infantil 5 Regular,A,Matriculado,2027,Manhã,Aluno Audit 386,10386,aluno386@motivo.com.br,12345678901,Resp 386
Motivo,Boa Viagem,Infantil 5 Regular,A,Matriculado,2027,Manhã,Aluno Audit 387,10387,aluno387@motivo.com.br,12345678901,Resp 387
Motivo,Boa Viagem,Infantil 5 Regular,A,Matriculado,2027,Manhã,Aluno Audit 388,10388,aluno388@motivo.com.br,12345678901,Resp 388
Motivo,Boa Viagem,Infantil 5 Regular,A,Matriculado,2027,Manhã,Aluno Audit 389,10389,aluno389@motivo.com.br,12345678901,Resp 389
Motivo,Boa Viagem,Infantil 5 Regular,A,Matriculado,2027,Manhã,Aluno Audit 390,10390,aluno390@motivo.com.br,12345678901,Resp 390
Motivo,Boa Viagem,Infantil 5 Regular,A,Matriculado,2027,Manhã,Aluno Audit 391,10391,aluno391@motivo.com.br,12345678901,Resp 391
Motivo,Boa Viagem,Infantil 5 Regular,A,Matriculado,2027,Manhã,Aluno Audit 392,10392,aluno392@motivo.com.br,12345678901,Resp 392
Motivo,Boa Viagem,Infantil 5 Regular,A,Matriculado,2027,Manhã,Aluno Audit 393,10393,aluno393@motivo.com.br,12345678901,Resp 393
Motivo,Boa Viagem,Infantil 5 Regular,A,Matriculado,2027,Manhã,Aluno Audit 394,10394,aluno394@motivo.com.br,12345678901,Resp 394
Motivo,Boa Viagem,Infantil 5 Regular,A,Matriculado,2027,Manhã,Aluno Audit 395,10395,aluno395@motivo.com.br,12345678901,Resp 395
Motivo,Boa Viagem,Infantil 5 Regular,A,Matriculado,2027,Manhã,Aluno Audit 396,10396,aluno396@motivo.com.br,12345678901,Resp 396
Motivo,Boa Viagem,Infantil 5 Regular,A,Matriculado,2027,Manhã,Aluno Audit 397,10397,aluno397@motivo.com.br,12345678901,Resp 397
Motivo,Boa Viagem,Infantil 5 Regular,A,Matriculado,2027,Manhã,Aluno Audit 398,10398,aluno398@motivo.com.br,12345678901,Resp 398
Motivo,Boa Viagem,Infantil 5 Regular,A,Matriculado,2027,Manhã,Aluno Audit 399,10399,aluno399@motivo.com.br,12345678901,Resp 399
Motivo,Boa Viagem,Infantil 5 Regular,A,Matriculado,2027,Manhã,Aluno Audit 400,10400,aluno400@motivo.com.br,12345678901,Resp 400
Motivo,Boa Viagem,Infantil 5 Regular,A,Matriculado,2027,Manhã,Aluno Audit 401,10401,aluno401@motivo.com.br,12345678901,Resp 401
Motivo,Boa Viagem,Infantil 5 Regular,A,Matriculado,2027,Manhã,Aluno Audit 402,10402,aluno402@motivo.com.br,12345678901,Resp 402
Motivo,Boa Viagem,Infantil 5 Regular,A,Matriculado,2027,Manhã,Aluno Audit 403,10403,aluno403@motivo.com.br,12345678901,Resp 403
Motivo,Boa Viagem,Infantil 5 Regular,A,Matriculado,2027,Manhã,Aluno Audit 404,10404,aluno404@motivo.com.br,12345678901,Resp 404
Motivo,Boa Viagem,Infantil 5 Regular,A,Matriculado,2027,Manhã,Aluno Audit 405,10405,aluno405@motivo.com.br,12345678901,Resp 405
Motivo,Boa Viagem,Infantil 5 Regular,A,Matriculado,2027,Manhã,Aluno Audit 406,10406,aluno406@motivo.com.br,12345678901,Resp 406
Motivo,Boa Viagem,Infantil 5 Regular,A,Matriculado,2027,Manhã,Aluno Audit 407,10407,aluno407@motivo.com.br,12345678901,Resp 407
Motivo,Boa Viagem,Infantil 5 Regular,A,Matriculado,2027,Manhã,Aluno Audit 408,10408,aluno408@motivo.com.br,12345678901,Resp 408
Motivo,Boa Viagem,Infantil 5 Regular,A,Matriculado,2027,Manhã,Aluno Audit 409,10409,aluno409@motivo.com.br,12345678901,Resp 409
Motivo,Boa Viagem,Infantil 5 Regular,A,Matriculado,2027,Manhã,Aluno Audit 410,10410,aluno410@motivo.com.br,12345678901,Resp 410
Motivo,Boa Viagem,Infantil 5 Regular,A,Matriculado,2027,Manhã,Aluno Audit 411,10411,aluno411@motivo.com.br,12345678901,Resp 411
Motivo,Boa Viagem,Infantil 5 Regular,A,Matriculado,2027,Manhã,Aluno Audit 412,10412,aluno412@motivo.com.br,12345678901,Resp 412
Motivo,Boa Viagem,Infantil 5 Regular,A,Matriculado,2027,Manhã,Aluno Audit 413,10413,aluno413@motivo.com.br,12345678901,Resp 413
Motivo,Boa Viagem,Infantil 5 Regular,A,Matriculado,2027,Manhã,Aluno Audit 414,10414,aluno414@motivo.com.br,12345678901,Resp 414
Motivo,Boa Viagem,Infantil 5 Regular,A,Matriculado,2027,Manhã,Aluno Audit 415,10415,aluno415@motivo.com.br,12345678901,Resp 415
Motivo,Boa Viagem,Infantil 5 Regular,A,Matriculado,2027,Manhã,Aluno Audit 416,10416,aluno416@motivo.com.br,12345678901,Resp 416
Motivo,Boa Viagem,Infantil 5 Regular,A,Matriculado,2027,Manhã,Aluno Audit 417,10417,aluno417@motivo.com.br,12345678901,Resp 417
Motivo,Boa Viagem,Infantil 5 Regular,A,Matriculado,2027,Manhã,Aluno Audit 418,10418,aluno418@motivo.com.br,12345678901,Resp 418
Motivo,Boa Viagem,Infantil 5 Regular,A,Matriculado,2027,Manhã,Aluno Audit 419,10419,aluno419@motivo.com.br,12345678901,Resp 419
Motivo,Boa Viagem,Infantil 5 Regular,A,Matriculado,2027,Manhã,Aluno Audit 420,10420,aluno420@motivo.com.br,12345678901,Resp 420
Motivo,Boa Viagem,Infantil 5 Regular,A,Matriculado,2027,Manhã,Aluno Audit 421,10421,aluno421@motivo.com.br,12345678901,Resp 421
Motivo,Boa Viagem,Infantil 5 Regular,A,Matriculado,2027,Manhã,Aluno Audit 422,10422,aluno422@motivo.com.br,12345678901,Resp 422
Motivo,Boa Viagem,Infantil 5 Regular,A,Matriculado,2027,Manhã,Aluno Audit 423,10423,aluno423@motivo.com.br,12345678901,Resp 423
Motivo,Boa Viagem,Infantil 5 Regular,A,Matriculado,2027,Manhã,Aluno Audit 424,10424,aluno424@motivo.com.br,12345678901,Resp 424
Motivo,Boa Viagem,Infantil 5 Regular,A,Matriculado,2027,Manhã,Aluno Audit 425,10425,aluno425@motivo.com.br,12345678901,Resp 425
Motivo,Boa Viagem,Infantil 5 Regular,A,Matriculado,2027,Manhã,Aluno Audit 426,10426,aluno426@motivo.com.br,12345678901,Resp 426
Motivo,Boa Viagem,Infantil 5 Regular,A,Matriculado,2027,Manhã,Aluno Audit 427,10427,aluno427@motivo.com.br,12345678901,Resp 427
Motivo,Boa Viagem,Infantil 5 Regular,A,Matriculado,2027,Manhã,Aluno Audit 428,10428,aluno428@motivo.com.br,12345678901,Resp 428
Motivo,Boa Viagem,Infantil 5 Regular,A,Matriculado,2027,Manhã,Aluno Audit 429,10429,aluno429@motivo.com.br,12345678901,Resp 429
Motivo,Boa Viagem,Infantil 5 Regular,A,Matriculado,2027,Manhã,Aluno Audit 430,10430,aluno430@motivo.com.br,12345678901,Resp 430
Motivo,Boa Viagem,Infantil 5 Regular,A,Matriculado,2027,Manhã,Aluno Audit 431,10431,aluno431@motivo.com.br,12345678901,Resp 431
Motivo,Boa Viagem,Infantil 5 Regular,A,Matriculado,2027,Manhã,Aluno Audit 432,10432,aluno432@motivo.com.br,12345678901,Resp 432
Motivo,Boa Viagem,Infantil 5 Regular,A,Matriculado,2027,Manhã,Aluno Audit 433,10433,aluno433@motivo.com.br,12345678901,Resp 433
Motivo,Boa Viagem,Infantil 5 Regular,A,Matriculado,2027,Manhã,Aluno Audit 434,10434,aluno434@motivo.com.br,12345678901,Resp 434
Motivo,Boa Viagem,Infantil 5 Regular,A,Matriculado,2027,Manhã,Aluno Audit 435,10435,aluno435@motivo.com.br,12345678901,Resp 435
Motivo,Boa Viagem,Infantil 5 Regular,A,Matriculado,2027,Manhã,Aluno Audit 436,10436,aluno436@motivo.com.br,12345678901,Resp 436
Motivo,Boa Viagem,Infantil 5 Regular,A,Matriculado,2027,Manhã,Aluno Audit 437,10437,aluno437@motivo.com.br,12345678901,Resp 437
Motivo,Boa Viagem,Infantil 5 Regular,A,Matriculado,2027,Manhã,Aluno Audit 438,10438,aluno438@motivo.com.br,12345678901,Resp 438
Motivo,Boa Viagem,Infantil 5 Regular,A,Matriculado,2027,Manhã,Aluno Audit 439,10439,aluno439@motivo.com.br,12345678901,Resp 439
Motivo,Boa Viagem,Infantil 5 Regular,A,Matriculado,2027,Manhã,Aluno Audit 440,10440,aluno440@motivo.com.br,12345678901,Resp 440
Motivo,Boa Viagem,Infantil 5 Regular,A,Matriculado,2027,Manhã,Aluno Audit 441,10441,aluno441@motivo.com.br,12345678901,Resp 441
Motivo,Boa Viagem,Infantil 5 Regular,A,Matriculado,2027,Manhã,Aluno Audit 442,10442,aluno442@motivo.com.br,12345678901,Resp 442
Motivo,Boa Viagem,Infantil 5 Regular,A,Matriculado,2027,Manhã,Aluno Audit 443,10443,aluno443@motivo.com.br,12345678901,Resp 443
Motivo,Boa Viagem,Infantil 5 Regular,A,Matriculado,2027,Manhã,Aluno Audit 444,10444,aluno444@motivo.com.br,12345678901,Resp 444
Motivo,Boa Viagem,Infantil 5 Regular,A,Matriculado,2027,Manhã,Aluno Audit 445,10445,aluno445@motivo.com.br,12345678901,Resp 445
Motivo,Boa Viagem,Infantil 5 Regular,A,Matriculado,2027,Manhã,Aluno Audit 446,10446,aluno446@motivo.com.br,12345678901,Resp 446
Motivo,Boa Viagem,Infantil 5 Regular,A,Matriculado,2027,Manhã,Aluno Audit 447,10447,aluno447@motivo.com.br,12345678901,Resp 447
Motivo,Boa Viagem,Infantil 5 Regular,A,Matriculado,2027,Manhã,Aluno Audit 448,10448,aluno448@motivo.com.br,12345678901,Resp 448
Motivo,Boa Viagem,Infantil 5 Regular,A,Matriculado,2027,Manhã,Aluno Audit 449,10449,aluno449@motivo.com.br,12345678901,Resp 449
Motivo,Boa Viagem,Infantil 5 Regular,A,Matriculado,2027,Manhã,Aluno Audit 450,10450,aluno450@motivo.com.br,12345678901,Resp 450
